#include "model_data.h"
// Standalone copy of the TensorFlow Lite flatbuffer model data.
// Directly duplicated from src/magic_wand_model_data.cpp to make export module self-contained.

#ifdef __has_attribute
#define HAVE_ATTRIBUTE(x) __has_attribute(x)
#else
#define HAVE_ATTRIBUTE(x) 0
#endif
#if HAVE_ATTRIBUTE(aligned) || (defined(__GNUC__) && !defined(__clang__))
#define DATA_ALIGN_ATTRIBUTE __attribute__((aligned(4)))
#else
#define DATA_ALIGN_ATTRIBUTE
#endif

extern const unsigned char g_magic_wand_model_data[]; // forward (not strictly needed)
extern const int g_magic_wand_model_data_len;         // forward

// NOTE: Keeping names identical to original example for interoperability.
const unsigned char g_magic_wand_model_data[] DATA_ALIGN_ATTRIBUTE = {
    0x1c, 0x00, 0x00, 0x00, 0x54, 0x46, 0x4c, 0x33, 0x14, 0x00, 0x20, 0x00,
    0x1c, 0x00, 0x18, 0x00, 0x14, 0x00, 0x10, 0x00, 0x0c, 0x00, 0x00, 0x00,
    0x08, 0x00, 0x04, 0x00, 0x14, 0x00, 0x00, 0x00, 0x1c, 0x00, 0x00, 0x00,
    0x88, 0x00, 0x00, 0x00, 0xe0, 0x00, 0x00, 0x00, 0x7c, 0x45, 0x00, 0x00,
    0x8c, 0x45, 0x00, 0x00, 0xe8, 0x4f, 0x00, 0x00, 0x03, 0x00, 0x00, 0x00,
    0x01, 0x00, 0x00, 0x00, 0x04, 0x00, 0x00, 0x00, 0x7a, 0xb9, 0xff, 0xff,
    0x0c, 0x00, 0x00, 0x00, 0x1c, 0x00, 0x00, 0x00, 0x38, 0x00, 0x00, 0x00,
    0x0f, 0x00, 0x00, 0x00, 0x73, 0x65, 0x72, 0x76, 0x69, 0x6e, 0x67, 0x5f,
    0x64, 0x65, 0x66, 0x61, 0x75, 0x6c, 0x74, 0x00, 0x01, 0x00, 0x00, 0x00,
    0x04, 0x00, 0x00, 0x00, 0x94, 0xff, 0xff, 0xff, 0x11, 0x00, 0x00, 0x00,
    0x04, 0x00, 0x00, 0x00, 0x07, 0x00, 0x00, 0x00, 0x64, 0x65, 0x6e, 0x73,
    0x65, 0x5f, 0x31, 0x00, 0x01, 0x00, 0x00, 0x00, 0x04, 0x00, 0x00, 0x00,
    0x5a, 0xba, 0xff, 0xff, 0x04, 0x00, 0x00, 0x00, 0x0c, 0x00, 0x00, 0x00,
    0x63, 0x6f, 0x6e, 0x76, 0x32, 0x64, 0x5f, 0x69, 0x6e, 0x70, 0x75, 0x74,
    0x00, 0x00, 0x00, 0x00, 0x02, 0x00, 0x00, 0x00, 0x34, 0x00, 0x00, 0x00,
    0x04, 0x00, 0x00, 0x00, 0xdc, 0xff, 0xff, 0xff, 0x14, 0x00, 0x00, 0x00,
    0x04, 0x00, 0x00, 0x00, 0x13, 0x00, 0x00, 0x00, 0x43, 0x4f, 0x4e, 0x56,
    0x45, 0x52, 0x53, 0x49, 0x4f, 0x4e, 0x5f, 0x4d, 0x45, 0x54, 0x41, 0x44,
    0x41, 0x54, 0x41, 0x00, 0x08, 0x00, 0x0c, 0x00, 0x08, 0x00, 0x04, 0x00,
    0x08, 0x00, 0x00, 0x00, 0x13, 0x00, 0x00, 0x00, 0x04, 0x00, 0x00, 0x00,
    0x13, 0x00, 0x00, 0x00, 0x6d, 0x69, 0x6e, 0x5f, 0x72, 0x75, 0x6e, 0x74,
    0x69, 0x6d, 0x65, 0x5f, 0x76, 0x65, 0x72, 0x73, 0x69, 0x6f, 0x6e, 0x00,
    0x15, 0x00, 0x00, 0x00, 0x98, 0x44, 0x00, 0x00, 0x90, 0x44, 0x00, 0x00,
    0x60, 0x44, 0x00, 0x00, 0x10, 0x44, 0x00, 0x00, 0x80, 0x42, 0x00, 0x00,
    0x70, 0x3a, 0x00, 0x00, 0x20, 0x3a, 0x00, 0x00, 0x00, 0x3a, 0x00, 0x00,
    0xe8, 0x39, 0x00, 0x00, 0xd8, 0x01, 0x00, 0x00, 0xc8, 0x00, 0x00, 0x00,
    0xc0, 0x00, 0x00, 0x00, 0xb8, 0x00, 0x00, 0x00, 0xb0, 0x00, 0x00, 0x00,
    0xa8, 0x00, 0x00, 0x00, 0xa0, 0x00, 0x00, 0x00, 0x98, 0x00, 0x00, 0x00,
    0x90, 0x00, 0x00, 0x00, 0x88, 0x00, 0x00, 0x00, 0x68, 0x00, 0x00, 0x00,
    0x04, 0x00, 0x00, 0x00, 0x2a, 0xbb, 0xff, 0xff, 0x04, 0x00, 0x00, 0x00,
    0x54, 0x00, 0x00, 0x00, 0x0c, 0x00, 0x00, 0x00, 0x08, 0x00, 0x0e, 0x00,
    0x08, 0x00, 0x04, 0x00, 0x08, 0x00, 0x00, 0x00, 0x10, 0x00, 0x00, 0x00,
    0x24, 0x00, 0x00, 0x00, 0x00, 0x00, 0x06, 0x00, 0x08, 0x00, 0x04, 0x00,
    0x06, 0x00, 0x00, 0x00, 0x04, 0x00, 0x00, 0x00, 0x00, 0x00, 0x00, 0x00,
    0x00, 0x00, 0x0a, 0x00, 0x10, 0x00, 0x0c, 0x00, 0x08, 0x00, 0x04, 0x00,
    0x0a, 0x00, 0x00, 0x00, 0x02, 0x00, 0x00, 0x00, 0x02, 0x00, 0x00, 0x00,
    0x04, 0x00, 0x00, 0x00, 0x06, 0x00, 0x00, 0x00, 0x32, 0x2e, 0x31, 0x31,
    0x2e, 0x30, 0x00, 0x00, 0x8a, 0xbb, 0xff, 0xff, 0x04, 0x00, 0x00, 0x00,
    0x10, 0x00, 0x00, 0x00, 0x31, 0x2e, 0x35, 0x2e, 0x30, 0x00, 0x00, 0x00,
    0x00, 0x00, 0x00, 0x00, 0x00, 0x00, 0x00, 0x00, 0x00, 0xb2, 0xff, 0xff,
    0x04, 0xb2, 0xff, 0xff, 0x08, 0xb2, 0xff, 0xff, 0x0c, 0xb2, 0xff, 0xff,
    0x10, 0xb2, 0xff, 0xff, 0x14, 0xb2, 0xff, 0xff, 0x18, 0xb2, 0xff, 0xff,
    0x1c, 0xb2, 0xff, 0xff, 0xc6, 0xbb, 0xff, 0xff, 0x04, 0x00, 0x00, 0x00,
    0x00, 0x01, 0x00, 0x00, 0xaa, 0xa7, 0x7e, 0xbe, 0x9b, 0x10, 0x05, 0x3e,
    0xb6, 0xf4, 0xc7, 0x3d, 0xc8, 0x67, 0x81, 0x3e, 0x6c, 0x56, 0xad, 0x3e,
    0x14, 0x42, 0xf6, 0x3c, 0xb9, 0x2c, 0x7a, 0xba, 0x1b, 0x5b, 0xd8, 0xbe,
    0xde, 0xb7, 0x52, 0xbe, 0x7b, 0xbb, 0x23, 0x3d, 0x80, 0xae, 0x89, 0xbe,
    0x6e, 0x71, 0x76, 0x3e, 0x41, 0xa5, 0xc2, 0xbd, 0x84, 0x97, 0x4d, 0xbe,
    0xbf, 0x5c, 0x95, 0xbe, 0x10, 0x98, 0x31, 0x3e, 0xea, 0x49, 0x6c, 0xbe,
    0x1a, 0xdd, 0x97, 0x3d, 0x5c, 0xde, 0xe2, 0xbe, 0x43, 0x28, 0x91, 0x3e,
    0xfa, 0x93, 0xbf, 0x3e, 0x56, 0x5d, 0x4f, 0x3d, 0x07, 0x3a, 0x22, 0x3d,
    0x01, 0x3d, 0x59, 0xbe, 0xab, 0xf3, 0x8c, 0xbe, 0x45, 0x20, 0xab, 0x3c,
    0x63, 0x3e, 0x5b, 0xbc, 0xd0, 0x27, 0xa1, 0x3e, 0xb7, 0x7a, 0x20, 0xbe,
    0x13, 0x2f, 0x40, 0xbe, 0xa6, 0x77, 0x7c, 0xbe, 0x63, 0xba, 0xc0, 0x3e,
    0xd1, 0xcc, 0x98, 0xbe, 0x89, 0xed, 0xb4, 0x3d, 0xe9, 0x03, 0xc6, 0xbe,
    0xb4, 0xd7, 0x17, 0x3e, 0xa2, 0x02, 0x85, 0xbe, 0x96, 0x12, 0xa0, 0x3c,
    0xb5, 0xfc, 0xa9, 0xba, 0x45, 0x06, 0x26, 0x39, 0x6f, 0xdc, 0x90, 0xbe,
    0x53, 0xf3, 0xde, 0x3d, 0x63, 0xf7, 0x5c, 0x3e, 0x25, 0x76, 0x7d, 0x3e,
    0xb2, 0xe4, 0xfb, 0xbd, 0x13, 0x43, 0x29, 0xbe, 0x36, 0xa6, 0x3f, 0xbe,
    0xe9, 0x37, 0xc9, 0x3e, 0xa7, 0x84, 0x81, 0xbe, 0x94, 0x60, 0x6d, 0x3d,
    0x5e, 0x69, 0x87, 0xbe, 0xa5, 0xc6, 0x7d, 0x3e, 0x96, 0xd6, 0x93, 0xbe,
    0xe8, 0x47, 0xa8, 0x3d, 0x73, 0x0e, 0xe9, 0x3d, 0x0e, 0x23, 0x87, 0xbe,
    0xcf, 0x79, 0x9d, 0xbe, 0x5e, 0x49, 0x69, 0x3d, 0xd8, 0xf9, 0x73, 0x3d,
    0x19, 0xed, 0xb8, 0x3e, 0x26, 0x57, 0x3c, 0xbe, 0x20, 0x99, 0x05, 0xbe,
    0x37, 0x23, 0x80, 0xbe, 0xf2, 0x3f, 0xe9, 0x3e, 0xd2, 0xbc, 0xff, 0xff,
    0x04, 0x00, 0x00, 0x00, 0x00, 0x38, 0x00, 0x00, 0x3b, 0x16, 0x20, 0xbe,
    0x56, 0x95, 0x91, 0xbe, 0xbd, 0x02, 0x10, 0x3e, 0x4a, 0x92, 0xbc, 0xbd,
    0xae, 0xdf, 0x69, 0xbe, 0x1d, 0x20, 0x23, 0x3e, 0x0b, 0x06, 0xb9, 0xbd,
    0x8c, 0x5d, 0x0b, 0xbe, 0x2f, 0xf7, 0x1b, 0xbd, 0x91, 0x69, 0x96, 0xbe,
    0x71, 0xc6, 0x87, 0xbe, 0xb0, 0xa4, 0xcf, 0x3d, 0x63, 0x4b, 0x81, 0xbb,
    0x00, 0x8c, 0x6e, 0x3e, 0x4c, 0x6b, 0xcc, 0x3d, 0xa3, 0x1b, 0xe6, 0xbe,
    0x8c, 0x91, 0x30, 0xbe, 0x20, 0x72, 0x98, 0xbd, 0x2d, 0x21, 0xdb, 0x3c,
    0x51, 0xa4, 0x7e, 0x3e, 0xfc, 0x70, 0xf7, 0x3c, 0xbe, 0x05, 0x9d, 0x3d,
    0x20, 0x63, 0xbf, 0xbd, 0x29, 0xe2, 0xb5, 0xbc, 0xac, 0xae, 0x0d, 0x3d,
    0x75, 0x27, 0x65, 0xbd, 0xe2, 0x6a, 0x82, 0xbe, 0xd4, 0x45, 0x57, 0xbd,
    0x90, 0x34, 0x7c, 0xbe, 0x35, 0x87, 0xdc, 0x3d, 0x47, 0x73, 0x40, 0xbc,
    0xfa, 0x03, 0xcb, 0xbe, 0x6b, 0xaa, 0x94, 0xbe, 0x28, 0xb2, 0xdb, 0xbc,
    0xbe, 0x7e, 0x87, 0x3c, 0xad, 0x97, 0xf2, 0x3c, 0xec, 0xb1, 0xf5, 0x3b,
    0x1a, 0x9c, 0xf5, 0xbd, 0xf5, 0x04, 0x0a, 0xbd, 0x80, 0xee, 0x51, 0x3e,
    0xed, 0xa6, 0xa0, 0x3d, 0x35, 0xa3, 0x19, 0xbe, 0xe7, 0xc1, 0x9f, 0xbe,
    0xc4, 0x72, 0x3a, 0xbe, 0x07, 0x99, 0x25, 0xbd, 0x17, 0xcc, 0x1b, 0xbe,
    0xbb, 0x28, 0x75, 0x3d, 0x65, 0xab, 0x88, 0xbe, 0x0c, 0x46, 0x86, 0xbd,
    0x76, 0xc9, 0xc4, 0xbd, 0x57, 0x4b, 0xd2, 0x3d, 0x20, 0x2d, 0xba, 0x3d,
    0xf4, 0x63, 0x89, 0x3e, 0x8f, 0x67, 0x50, 0xbd, 0xdd, 0x48, 0x38, 0x3c,
    0x5d, 0x33, 0x50, 0xbd, 0x6d, 0x8f, 0x15, 0x3e, 0x29, 0x8e, 0x8a, 0xbd,
    0xe1, 0x4b, 0x15, 0xbe, 0x67, 0x74, 0x90, 0xbe, 0x2a, 0xbc, 0x2b, 0x3e,
    0xc0, 0xcd, 0x86, 0xbd, 0x3d, 0x49, 0x89, 0xbd, 0x32, 0xd4, 0x22, 0xbe,
    0x03, 0xb8, 0x82, 0xbd, 0x3f, 0xec, 0x94, 0xbd, 0x67, 0x1e, 0xba, 0xbc,
    0x53, 0xb9, 0x7a, 0x3d, 0x78, 0x36, 0x94, 0x3e, 0xcd, 0x97, 0x41, 0xbe,
    0x2d, 0x63, 0x40, 0xbd, 0x5d, 0xcb, 0x1a, 0xbe, 0xf6, 0x1f, 0xe2, 0x3d,
    0x14, 0xf9, 0x11, 0xbe, 0x7a, 0x8e, 0x1c, 0xbe, 0x21, 0x93, 0xd1, 0x3d,
    0x3c, 0xb7, 0xb5, 0xbc, 0x41, 0xf7, 0xa0, 0xbe, 0xc4, 0x76, 0x07, 0x3c,
    0x8a, 0xec, 0x2a, 0xbe, 0xe2, 0x4c, 0x8b, 0xbd, 0xbc, 0x9f, 0x30, 0xbe,
    0x0d, 0x57, 0x7e, 0x3e, 0xfb, 0x64, 0xa5, 0xbd, 0xe9, 0xcf, 0x62, 0x3e,
    0xd8, 0x0f, 0x94, 0xbe, 0x37, 0xbb, 0xc2, 0xbd, 0xe5, 0x5c, 0x55, 0x3e,
    0xc7, 0x17, 0x63, 0x3d, 0x31, 0x5c, 0xe5, 0x3e, 0x12, 0xb4, 0x2b, 0x3e,
    0x1b, 0xb0, 0xad, 0xbd, 0x02, 0xd1, 0xb5, 0x3c, 0x10, 0xe2, 0xf4, 0xbe,
    0x88, 0xcc, 0x89, 0x3d, 0x8f, 0x82, 0x9c, 0xbd, 0x6d, 0x9b, 0xad, 0x3c,
    0x24, 0xb2, 0xd3, 0x3d, 0x63, 0xee, 0x16, 0x3e, 0x1e, 0xad, 0x11, 0x3d,
    0x30, 0xc5, 0xda, 0x3e, 0xed, 0xf6, 0x2c, 0xbd, 0x57, 0xac, 0xf7, 0x3c,
    0xb8, 0x82, 0x9f, 0x3e, 0xd5, 0xf6, 0x0e, 0x3e, 0x48, 0xed, 0x2f, 0x3d,
    0x47, 0x45, 0x93, 0x3e, 0x74, 0x91, 0xcc, 0xbd, 0xf4, 0x9b, 0x09, 0x3e,
    0xfa, 0xa2, 0x1c, 0xbf, 0x38, 0x2d, 0xf4, 0x3d, 0x73, 0x4f, 0x30, 0x3d,
    0xf5, 0x99, 0x16, 0x3d, 0x93, 0x44, 0x49, 0xbe, 0x4d, 0x84, 0x1e, 0x3c,
    0xb2, 0xad, 0xb2, 0xbd, 0x13, 0x9c, 0xd4, 0x3e, 0x74, 0x6e, 0x83, 0xbd,
    0x9e, 0x35, 0x6a, 0xbc, 0x05, 0x7f, 0xe7, 0xbd, 0x81, 0x4d, 0x83, 0x3e,
    0xab, 0x4e, 0xde, 0x3d, 0x5f, 0xc6, 0xad, 0xbc, 0x64, 0x32, 0x74, 0x3e,
    0xe9, 0xd0, 0x7d, 0x3e, 0x55, 0x8b, 0x2b, 0xbf, 0xc3, 0x70, 0x06, 0x3d,
    0xc8, 0xb2, 0x64, 0x3d, 0x13, 0x56, 0x48, 0xbd, 0x60, 0x05, 0xb0, 0xbd,
    0x75, 0xb5, 0xdd, 0xbd, 0xdd, 0xfb, 0x3e, 0xbd, 0xa6, 0x5d, 0xc7, 0x3e,
    0x9b, 0xd7, 0x87, 0xbe, 0x3b, 0x92, 0x9e, 0x3c, 0xaf, 0xb3, 0xaf, 0xbd,
    0x78, 0x63, 0xe0, 0x3d, 0xb0, 0x38, 0xd4, 0x3d, 0xd7, 0x19, 0x41, 0xbc,
    0x60, 0x58, 0x1a, 0x3d, 0x64, 0x06, 0xe0, 0x3d, 0x88, 0x3d, 0xe6, 0xbe,
    0x22, 0x14, 0x94, 0xbd, 0x25, 0x85, 0xcc, 0x3d, 0xa6, 0x79, 0xcf, 0xbe,
    0xcd, 0x2e, 0x2f, 0xbe, 0xda, 0xa9, 0x96, 0xbb, 0x4a, 0x15, 0xc3, 0xba,
    0x22, 0x91, 0xc0, 0x3e, 0xd1, 0xcd, 0x1f, 0xbe, 0xb0, 0x9f, 0x4e, 0x3d,
    0xb9, 0x67, 0x13, 0x3e, 0xe2, 0x4a, 0x05, 0x3d, 0xb7, 0x7d, 0x03, 0x3e,
    0x41, 0xcb, 0xd2, 0x3d, 0xa6, 0x34, 0x11, 0x3e, 0x71, 0xc4, 0x8d, 0x3e,
    0x05, 0x54, 0xaf, 0xbe, 0x43, 0x08, 0x3d, 0xbd, 0xd4, 0x2c, 0x29, 0x3d,
    0xbe, 0x2a, 0xd1, 0xbe, 0x5e, 0xc4, 0x84, 0xbe, 0x5a, 0xb3, 0x91, 0xbd,
    0xad, 0xb2, 0x06, 0xbe, 0x34, 0x16, 0xee, 0x3e, 0x67, 0x25, 0x64, 0xbe,
    0xda, 0x12, 0xdb, 0x3d, 0xeb, 0xd6, 0xb1, 0x3d, 0xfe, 0xd8, 0xd1, 0x3d,
    0x50, 0x7d, 0xf2, 0x3d, 0x90, 0xab, 0xc5, 0x3d, 0xac, 0xa9, 0x32, 0x3e,
    0x9d, 0x00, 0xc5, 0x3e, 0x82, 0x8a, 0x8a, 0xbe, 0xeb, 0x2b, 0xaa, 0xbd,
    0xea, 0xe2, 0xe3, 0x3d, 0x1b, 0x25, 0x73, 0xbe, 0x1c, 0x83, 0x52, 0xbe,
    0xe5, 0x4f, 0x01, 0x3e, 0xa4, 0x49, 0x3c, 0xbd, 0xc1, 0x66, 0xe6, 0x3e,
    0xfe, 0x0a, 0x2b, 0xbe, 0xbd, 0x58, 0x5c, 0x3c, 0xbb, 0x7e, 0xaa, 0x3d,
    0xd5, 0x21, 0xc7, 0xbd, 0x82, 0x53, 0x94, 0x3b, 0xbb, 0xcf, 0x14, 0x3e,
    0x5e, 0x06, 0x98, 0x3e, 0x36, 0x0d, 0x49, 0x3e, 0x2e, 0xf3, 0xc1, 0xbe,
    0x57, 0x3c, 0xc7, 0xbd, 0x84, 0xd1, 0x07, 0x3d, 0xd6, 0xd9, 0x49, 0xbe,
    0x35, 0x4e, 0x1b, 0xbe, 0xee, 0xe3, 0x52, 0xbc, 0x4b, 0xa6, 0x94, 0x3e,
    0xa9, 0xb0, 0xa9, 0x3e, 0xbd, 0x4e, 0xf6, 0xbd, 0x19, 0x70, 0x5a, 0x3d,
    0x39, 0x7c, 0x34, 0xbc, 0x19, 0x4a, 0x7b, 0x3e, 0x29, 0xa6, 0x69, 0xbe,
    0x06, 0x14, 0x38, 0x3e, 0x7a, 0x68, 0xc4, 0x3d, 0x7d, 0x80, 0x1a, 0x3e,
    0xc2, 0x01, 0x1a, 0xbe, 0x64, 0x4d, 0xcb, 0x3d, 0xda, 0x1b, 0xa8, 0x3d,
    0x18, 0xfd, 0xa9, 0xbe, 0xe7, 0xca, 0x82, 0xbe, 0x20, 0xb4, 0x13, 0xbd,
    0xfc, 0x6c, 0x1b, 0x3e, 0xa1, 0x23, 0xd4, 0x3d, 0x89, 0x29, 0xf8, 0x3d,
    0xd4, 0x0f, 0xa3, 0x3d, 0xab, 0x62, 0x51, 0xbe, 0xed, 0x66, 0x4a, 0xbd,
    0xd3, 0x54, 0x00, 0xbf, 0x4c, 0xd9, 0x19, 0xbd, 0x26, 0xf8, 0x91, 0xbe,
    0x6c, 0x6f, 0x98, 0x3d, 0x2d, 0x0a, 0xdd, 0xbd, 0x3f, 0x2d, 0x25, 0x3d,
    0xbc, 0xb4, 0xca, 0xbd, 0x9f, 0x5c, 0x5c, 0xbe, 0xb4, 0x89, 0xe6, 0xbd,
    0x6b, 0xa1, 0xae, 0x3c, 0xaa, 0xb3, 0x4d, 0xbe, 0x91, 0x83, 0xc3, 0x3d,
    0xd3, 0x6a, 0x4f, 0xbe, 0x64, 0x8d, 0xdd, 0xbd, 0xc0, 0xca, 0xf7, 0xbc,
    0x5e, 0x51, 0xf6, 0xbd, 0x9f, 0x8f, 0x39, 0x3e, 0x8b, 0xbe, 0x44, 0x3d,
    0xc2, 0x47, 0x6d, 0xbe, 0x57, 0xc6, 0x9b, 0xbd, 0xc6, 0xe4, 0x05, 0x3e,
    0xf3, 0x48, 0x2f, 0xbd, 0x0f, 0x54, 0x1f, 0xbd, 0xc4, 0x90, 0x8c, 0xbd,
    0x90, 0x2c, 0x1b, 0xbe, 0xf8, 0x36, 0x5f, 0x3d, 0x17, 0x44, 0x86, 0x3d,
    0xcc, 0xa7, 0x24, 0x3d, 0x25, 0x84, 0xc2, 0x3d, 0xd6, 0xe4, 0x8f, 0x3c,
    0xe3, 0xfd, 0xb2, 0x3c, 0x82, 0xfc, 0x97, 0xbd, 0x10, 0xdd, 0x5b, 0x3d,
    0x7f, 0x3d, 0x3b, 0xbe, 0x5f, 0xf8, 0x1e, 0xbe, 0x3f, 0x23, 0xbc, 0x3d,
    0x62, 0x2b, 0x39, 0xbd, 0xa7, 0x53, 0x6d, 0xbd, 0xab, 0x07, 0x40, 0xbd,
    0x8a, 0xb5, 0x73, 0xbe, 0x22, 0x2f, 0xce, 0xbd, 0x27, 0x64, 0x27, 0xbd,
    0x7c, 0xb9, 0xf4, 0x3d, 0xb4, 0xae, 0xfd, 0x3c, 0x34, 0xfd, 0x92, 0xbe,
    0x8e, 0x7b, 0x5b, 0xbc, 0x93, 0xa4, 0x10, 0x3e, 0xb9, 0x69, 0x7a, 0xbe,
    0x79, 0xb7, 0x8e, 0xbd, 0x65, 0x7f, 0x43, 0xbe, 0x31, 0x55, 0x4c, 0x3d,
    0xa5, 0x40, 0xbb, 0x3d, 0xfa, 0xe2, 0xad, 0x3c, 0xd5, 0x88, 0x82, 0x3d,
    0xe0, 0xf6, 0x1b, 0xbe, 0x49, 0x4f, 0xad, 0xbe, 0xdb, 0x41, 0x5d, 0xbe,
    0x3a, 0xa0, 0x47, 0xbe, 0x56, 0xff, 0xaf, 0x3d, 0x06, 0x8b, 0x84, 0xbd,
    0x2c, 0x7b, 0x49, 0x3e, 0xa3, 0x81, 0xbb, 0x3d, 0x32, 0x31, 0x4e, 0x3e,
    0xc6, 0x86, 0x8d, 0xbe, 0xf8, 0x4b, 0xd7, 0xbd, 0x69, 0x98, 0xfa, 0xbd,
    0x45, 0xc7, 0xe6, 0x3e, 0x87, 0xb8, 0x9d, 0x3b, 0x9b, 0xc2, 0x3d, 0x3e,
    0x38, 0xb4, 0xa0, 0xbd, 0x04, 0xcf, 0x22, 0x38, 0xad, 0x65, 0x70, 0xbe,
    0xe2, 0x59, 0x49, 0xbe, 0x83, 0xe7, 0xb4, 0x3e, 0x3f, 0xee, 0x5c, 0x3e,
    0xe0, 0x82, 0x4c, 0xbe, 0x7c, 0x42, 0xe5, 0x3d, 0xe8, 0x7e, 0xc4, 0xbc,
    0xd3, 0xf3, 0x85, 0x3d, 0x3a, 0x40, 0xbf, 0x3c, 0x99, 0xf8, 0x3a, 0x3d,
    0xa2, 0x2d, 0xc9, 0x3d, 0x78, 0xaf, 0x82, 0xbc, 0xb1, 0xee, 0x20, 0x3d,
    0xfc, 0x71, 0x2f, 0x3e, 0x41, 0xb4, 0xc5, 0x3d, 0xb9, 0x66, 0x66, 0xbe,
    0x32, 0x2f, 0xbf, 0xbe, 0x22, 0x8b, 0xc9, 0xbd, 0xa0, 0x37, 0x9b, 0x3d,
    0x80, 0x37, 0xe8, 0xbd, 0x0f, 0xc8, 0x24, 0xbe, 0x13, 0xa0, 0x58, 0x3e,
    0xd4, 0xf2, 0xc0, 0x3c, 0x79, 0xf7, 0x11, 0x3e, 0x58, 0x47, 0xcb, 0xbd,
    0xca, 0xb6, 0x9c, 0x3d, 0xa3, 0x9d, 0x89, 0xbe, 0x37, 0x0e, 0x4d, 0x3e,
    0x2d, 0x4d, 0xa0, 0xbd, 0x4b, 0x82, 0xc0, 0x3d, 0xa7, 0x60, 0x4f, 0x3d,
    0xa5, 0xc2, 0xf6, 0xbd, 0xf0, 0xba, 0xe6, 0xbe, 0xa4, 0x38, 0x72, 0xbd,
    0x67, 0x96, 0x01, 0x3e, 0x08, 0x0d, 0x43, 0x3d, 0x07, 0xcc, 0x92, 0xbe,
    0xe6, 0xc3, 0x9d, 0x3e, 0x3f, 0x75, 0x85, 0xbd, 0xd5, 0x47, 0x07, 0xbe,
    0xc8, 0x88, 0x97, 0xbd, 0x04, 0x16, 0x5d, 0xbe, 0x6f, 0x51, 0x3b, 0xbe,
    0xf6, 0x32, 0x5f, 0x3e, 0xc2, 0x01, 0x1a, 0x3e, 0xcd, 0xd4, 0x1e, 0x3c,
    0x08, 0x38, 0x8b, 0x3d, 0x76, 0xfc, 0x51, 0xbe, 0x99, 0xbb, 0xcc, 0xbc,
    0x7c, 0xd3, 0xf8, 0xbc, 0xdf, 0xf6, 0x74, 0x3e, 0x53, 0x0f, 0x1b, 0x3d,
    0xd3, 0x50, 0xe0, 0xbd, 0x66, 0x13, 0x28, 0x3e, 0x70, 0x78, 0x08, 0xbe,
    0xfc, 0x3f, 0x0e, 0xbe, 0xab, 0x89, 0x3b, 0x3e, 0x30, 0xe7, 0x71, 0x3e,
    0x4e, 0xf4, 0xee, 0xbc, 0x75, 0x03, 0x2b, 0x3e, 0x3b, 0x4e, 0xa8, 0xbd,
    0x8a, 0x4d, 0x05, 0x3e, 0x42, 0xda, 0x64, 0xbd, 0x4a, 0x2f, 0x96, 0x3c,
    0x05, 0x65, 0x8d, 0x3d, 0x93, 0x3c, 0x2a, 0xbe, 0x94, 0x0b, 0xbc, 0x3e,
    0x9f, 0x7f, 0xe7, 0xbc, 0x9e, 0x52, 0x50, 0xbe, 0x3f, 0x45, 0xb4, 0x3e,
    0x19, 0xef, 0xb2, 0xbe, 0x49, 0x2e, 0x40, 0xbd, 0xa4, 0xc8, 0x51, 0x3d,
    0xc3, 0xc6, 0x27, 0xbd, 0x1c, 0x64, 0xc5, 0xbd, 0xfd, 0xb5, 0x7b, 0x3e,
    0x45, 0x84, 0x05, 0xbe, 0x12, 0xe8, 0x97, 0x3a, 0x58, 0x4d, 0x22, 0xbc,
    0x44, 0xdd, 0x25, 0xbe, 0x7d, 0xf3, 0xb1, 0xbd, 0x46, 0x5e, 0xfa, 0xbb,
    0x00, 0xe3, 0x56, 0x3e, 0x07, 0xeb, 0x45, 0xbc, 0x11, 0xe5, 0x41, 0xbe,
    0x53, 0x21, 0x7e, 0x3e, 0x81, 0xbe, 0x1b, 0xbe, 0x7b, 0x4f, 0x74, 0xbd,
    0xcf, 0x82, 0x46, 0x3c, 0xff, 0x38, 0x78, 0xbd, 0x18, 0x03, 0x1b, 0xbe,
    0xe5, 0x93, 0x3a, 0x3e, 0xee, 0x6b, 0xad, 0xbd, 0xba, 0xa0, 0xe7, 0xbc,
    0x45, 0xc7, 0x55, 0x3c, 0xa4, 0x00, 0x38, 0xbe, 0xe1, 0x3b, 0xa2, 0x3d,
    0x46, 0x3f, 0x00, 0xbe, 0x9a, 0xa4, 0x92, 0x3e, 0x7f, 0x65, 0xce, 0x3d,
    0xcc, 0xc9, 0x08, 0xbe, 0x0f, 0x79, 0x26, 0x3e, 0xec, 0x33, 0x90, 0xbe,
    0xa8, 0x54, 0xc0, 0xbd, 0x50, 0x6d, 0x2e, 0x3e, 0x36, 0x1d, 0x53, 0x3d,
    0x7c, 0x34, 0x52, 0xbe, 0x77, 0x28, 0x7a, 0x3e, 0xb6, 0xd4, 0x4e, 0x3d,
    0x6b, 0x32, 0xa6, 0x38, 0xaf, 0x77, 0x1a, 0xbd, 0x4b, 0x3b, 0x9d, 0xbe,
    0x89, 0xe3, 0xa5, 0x3d, 0x29, 0x68, 0xa3, 0xbe, 0x47, 0xbe, 0xe0, 0x3e,
    0x5b, 0x4c, 0x61, 0x3d, 0xc3, 0xf6, 0x2b, 0xbe, 0xed, 0x35, 0xb1, 0x3e,
    0x9f, 0x46, 0x2f, 0xbe, 0xfa, 0x69, 0x1b, 0xbd, 0x46, 0x33, 0x46, 0xbd,
    0x3e, 0x06, 0xbf, 0xbc, 0xa1, 0x3a, 0x68, 0xbe, 0xc1, 0x40, 0x96, 0x3e,
    0x54, 0xd6, 0xd8, 0x3d, 0xcb, 0x52, 0xe4, 0xbc, 0x90, 0xb6, 0x2e, 0x3e,
    0x0b, 0xf1, 0xd8, 0xbd, 0xcb, 0x02, 0x3f, 0x3e, 0xc6, 0x75, 0x69, 0xbd,
    0x04, 0xe9, 0x96, 0x3e, 0xcd, 0x0d, 0xb1, 0xbd, 0x6f, 0x8e, 0x12, 0xbe,
    0x77, 0x00, 0x09, 0x3e, 0xfe, 0x1c, 0xad, 0xbe, 0xf6, 0x6a, 0xb7, 0x3d,
    0xe4, 0xe2, 0x06, 0x3c, 0x01, 0xd3, 0x96, 0xbd, 0x85, 0x3e, 0x7e, 0xbe,
    0xf3, 0x63, 0x9e, 0x3e, 0xee, 0xc0, 0x20, 0xbe, 0x4d, 0x49, 0x22, 0xbe,
    0x16, 0x32, 0x46, 0xbc, 0xce, 0x8b, 0xb9, 0xbd, 0xe2, 0x88, 0xf8, 0x3d,
    0xfd, 0x79, 0x32, 0xbe, 0x5c, 0x78, 0x59, 0xbe, 0x41, 0x6e, 0x43, 0xbe,
    0x74, 0xb4, 0x0f, 0xbe, 0xc5, 0x2a, 0xc3, 0xbe, 0xe8, 0x20, 0x6d, 0xbe,
    0x4b, 0x36, 0x66, 0x3e, 0x39, 0x29, 0xdd, 0xbd, 0x9e, 0x80, 0x66, 0x3e,
    0x59, 0x5f, 0xad, 0xbe, 0x8a, 0x63, 0xdd, 0x3d, 0xc7, 0x98, 0x72, 0x3e,
    0x6d, 0x05, 0xeb, 0xbe, 0x74, 0x39, 0x22, 0xbe, 0xf2, 0xd7, 0x9d, 0xbd,
    0x08, 0x0a, 0x4e, 0xbe, 0x24, 0x4f, 0x1e, 0x3d, 0x3a, 0x85, 0x41, 0xbe,
    0x22, 0xc4, 0xc3, 0x3d, 0xcb, 0xf2, 0xc4, 0xbc, 0x72, 0x16, 0xb4, 0x3d,
    0x55, 0xe9, 0x47, 0xbe, 0x6b, 0x5f, 0x8f, 0x3c, 0x88, 0x9d, 0x9f, 0x3d,
    0x22, 0xc1, 0x1d, 0xbe, 0x3a, 0x9b, 0x69, 0x3d, 0x5d, 0x36, 0xd8, 0xbc,
    0xe3, 0x15, 0xb4, 0xbd, 0xa1, 0x5a, 0x92, 0xbc, 0x59, 0xc0, 0xd8, 0x3c,
    0xff, 0xa6, 0x38, 0x3d, 0x42, 0x59, 0x03, 0x3a, 0x6d, 0x38, 0xa3, 0xbd,
    0x87, 0xdd, 0x3b, 0xbe, 0x1b, 0x2b, 0x36, 0xbc, 0xde, 0x65, 0x20, 0xbe,
    0xf1, 0x33, 0x78, 0xbb, 0xc5, 0x7d, 0x02, 0xbd, 0x4a, 0xab, 0xd8, 0x3d,
    0x27, 0x23, 0x9e, 0xbd, 0xc5, 0x8f, 0x9f, 0x3d, 0x76, 0xbd, 0x76, 0x3c,
    0x45, 0x0c, 0x1c, 0x3b, 0x82, 0xec, 0xc4, 0x3d, 0x18, 0x87, 0xce, 0x3d,
    0xcc, 0x21, 0xd3, 0xbd, 0xb8, 0x42, 0x3d, 0xbe, 0x79, 0xbd, 0x28, 0xbe,
    0xc0, 0xc6, 0xa5, 0xbd, 0x80, 0x80, 0x49, 0x3c, 0xf1, 0x0c, 0xf7, 0xbd,
    0xeb, 0xe2, 0xcf, 0x3d, 0x28, 0x99, 0x96, 0xbd, 0xea, 0xd6, 0xa0, 0xbd,
    0x23, 0x0a, 0x23, 0xbe, 0xe5, 0xbe, 0xfa, 0x3c, 0x08, 0x8a, 0x89, 0x3d,
    0x42, 0xc8, 0x18, 0xbe, 0xe7, 0x63, 0x18, 0xbe, 0xb0, 0x1a, 0x75, 0x3c,
    0x1d, 0x7a, 0x21, 0xbe, 0x1b, 0x42, 0xf0, 0x3b, 0xc5, 0xa9, 0x89, 0xbd,
    0x8d, 0x2c, 0x06, 0xbe, 0x09, 0xeb, 0xd2, 0xbd, 0xb7, 0xe9, 0xba, 0x3d,
    0x94, 0xa9, 0x53, 0xbc, 0x60, 0x56, 0xe7, 0xbd, 0xe0, 0xab, 0x83, 0xbd,
    0x42, 0x42, 0x03, 0xbe, 0x4a, 0x69, 0x97, 0xbd, 0x5f, 0xac, 0x0c, 0xbe,
    0xdb, 0x93, 0xae, 0x3d, 0xaf, 0x6b, 0xe2, 0xbd, 0x73, 0xaf, 0x46, 0x3d,
    0x20, 0x9e, 0x1c, 0xbe, 0x86, 0x76, 0xb5, 0xbd, 0x44, 0x62, 0x20, 0xbe,
    0x9e, 0x68, 0x62, 0x3d, 0x6a, 0x95, 0x87, 0xbd, 0x1c, 0x4c, 0x03, 0xbe,
    0x76, 0xf0, 0x1c, 0xbe, 0x99, 0x8c, 0x1d, 0xbe, 0xc3, 0x4f, 0x7e, 0x3d,
    0x9a, 0x77, 0xd2, 0xbd, 0x27, 0x1f, 0xab, 0xbd, 0xb3, 0x52, 0x23, 0xbd,
    0x87, 0xd1, 0x7a, 0xbe, 0x69, 0xd4, 0x27, 0xbd, 0x7e, 0xd4, 0xeb, 0xba,
    0x6e, 0xdf, 0x3e, 0x3d, 0x31, 0x78, 0x2f, 0xbe, 0x2b, 0x3f, 0x9f, 0xbd,
    0x42, 0x05, 0xe0, 0xbd, 0xc3, 0x4f, 0x0b, 0xbd, 0x7e, 0xf3, 0x12, 0xbe,
    0x05, 0xdd, 0x83, 0xbe, 0x82, 0x11, 0x0b, 0x3d, 0x30, 0x10, 0x85, 0xbd,
    0xcf, 0x3b, 0x8d, 0x3c, 0x6b, 0xbf, 0xa2, 0xbd, 0xe5, 0x4e, 0x87, 0xbd,
    0xca, 0x54, 0x1e, 0xbe, 0xe5, 0x25, 0x6c, 0x3c, 0x9e, 0x05, 0x01, 0xbc,
    0x9c, 0xa8, 0x35, 0xbe, 0xc9, 0xfc, 0x53, 0x3d, 0xb3, 0xd7, 0x86, 0xbd,
    0x6f, 0x37, 0xc8, 0x3c, 0xb6, 0x45, 0xcc, 0xbd, 0xc9, 0xdb, 0x98, 0xbd,
    0x5c, 0x12, 0xd1, 0xbd, 0xc1, 0xa1, 0xd0, 0xbd, 0xa1, 0xe4, 0x8f, 0xbb,
    0x6b, 0xb6, 0x36, 0xbd, 0x69, 0x89, 0x4e, 0x3d, 0xb0, 0x14, 0xd6, 0x3a,
    0xb6, 0x44, 0x0b, 0xbe, 0xf9, 0xfc, 0xbe, 0xbb, 0x89, 0x9f, 0x54, 0x3d,
    0x3a, 0x05, 0x8a, 0x3d, 0x5c, 0xff, 0xd6, 0x3b, 0xc8, 0x2c, 0xa2, 0xbd,
    0xab, 0xe4, 0x04, 0xbe, 0x9e, 0x44, 0x96, 0x3b, 0x6a, 0xdd, 0xe2, 0xbd,
    0x7f, 0xd1, 0x40, 0x3d, 0xaa, 0xf1, 0x4c, 0xbc, 0x73, 0x5c, 0x81, 0xbd,
    0xf3, 0xf1, 0xd0, 0x3d, 0x50, 0x1e, 0xdc, 0xbd, 0xb8, 0x18, 0x6f, 0x3d,
    0x15, 0xdd, 0x15, 0xbd, 0xb9, 0xbb, 0x65, 0x3c, 0xf6, 0x13, 0x18, 0xbe,
    0x03, 0x8b, 0x0f, 0x3d, 0xdf, 0xf7, 0x15, 0x3d, 0x54, 0xe1, 0xb3, 0x3c,
    0x20, 0xb0, 0xb9, 0xbd, 0xab, 0x39, 0x65, 0x3d, 0x23, 0xe5, 0x78, 0xbd,
    0x5d, 0x19, 0x75, 0xbd, 0xe2, 0xde, 0x25, 0xbe, 0xad, 0x51, 0x3f, 0xbe,
    0x1b, 0xec, 0xc6, 0xbd, 0x1f, 0x89, 0x21, 0x3d, 0xb8, 0xf3, 0x0e, 0xbe,
    0x6b, 0xb5, 0xc2, 0x3d, 0x87, 0x66, 0xd9, 0xbd, 0x2d, 0xfc, 0x5d, 0xbe,
    0x06, 0x5c, 0xcd, 0x3d, 0xd1, 0x02, 0xd7, 0xbd, 0x4f, 0x85, 0x06, 0xbe,
    0x3f, 0xc9, 0x79, 0xbd, 0xcb, 0x86, 0x11, 0xbe, 0x50, 0x07, 0x3a, 0x3d,
    0xe4, 0xea, 0x27, 0xbe, 0x21, 0x9d, 0x02, 0xbe, 0xf9, 0x62, 0x77, 0x3d,
    0xad, 0x80, 0xe9, 0xbd, 0x7d, 0xf5, 0x31, 0xbe, 0xd4, 0x0d, 0xa4, 0xbd,
    0x6a, 0xce, 0xb6, 0xbd, 0xff, 0x72, 0xce, 0x3c, 0x2a, 0x5f, 0x41, 0x3c,
    0xe6, 0x90, 0x73, 0xbe, 0x09, 0x29, 0x71, 0xbc, 0xf7, 0x8f, 0x4a, 0x3d,
    0xc6, 0x97, 0xcc, 0x3d, 0xc1, 0xa8, 0x67, 0x3d, 0xcc, 0x1e, 0xbb, 0x3d,
    0xe9, 0xc0, 0x6a, 0x3d, 0xb7, 0xd5, 0xdd, 0xbd, 0x64, 0xb6, 0x50, 0xbe,
    0xc8, 0x63, 0x36, 0xbe, 0x1a, 0x4c, 0x2b, 0xbd, 0xac, 0xc2, 0x69, 0xbe,
    0xd1, 0xe8, 0x38, 0xbe, 0xf6, 0x67, 0x4f, 0x3d, 0xdb, 0xab, 0x0e, 0xbd,
    0x52, 0x50, 0xcb, 0x3d, 0x81, 0xdd, 0x90, 0x3c, 0xfe, 0x8b, 0x71, 0x3d,
    0x01, 0x30, 0xf6, 0xbb, 0xba, 0xfc, 0x84, 0x3d, 0x28, 0x21, 0xa1, 0xbd,
    0xc8, 0xd7, 0x63, 0x3d, 0x8e, 0x80, 0x07, 0x3c, 0xc4, 0x9c, 0xca, 0xbd,
    0x76, 0x74, 0xd2, 0xbc, 0x62, 0xe0, 0x5b, 0xbb, 0x5f, 0x4f, 0x3c, 0x3d,
    0xf9, 0x2b, 0x97, 0xbd, 0x5f, 0x6c, 0xb3, 0x3d, 0x82, 0xe9, 0x37, 0xbe,
    0x8c, 0x8b, 0x34, 0xbe, 0x44, 0x4e, 0xf6, 0xbd, 0x0d, 0x4a, 0x49, 0xbe,
    0xcc, 0x0b, 0xd4, 0xbd, 0x0a, 0x4d, 0x47, 0xbd, 0xae, 0xef, 0xe8, 0x3d,
    0xa7, 0x1e, 0x26, 0xbe, 0xec, 0x20, 0x23, 0xbe, 0x45, 0xd0, 0x3c, 0xbd,
    0x37, 0xd2, 0xd6, 0xbd, 0xf5, 0xd5, 0xb0, 0xbd, 0x98, 0xe8, 0x91, 0x3c,
    0x79, 0x6a, 0x3c, 0xbe, 0xea, 0xe6, 0x78, 0xbe, 0x4b, 0xd9, 0x3a, 0xbe,
    0xfa, 0x61, 0x33, 0xbd, 0x74, 0x26, 0x34, 0xbd, 0x2e, 0x68, 0x62, 0xbc,
    0x58, 0x68, 0xf7, 0xbd, 0xd2, 0x7e, 0x11, 0xbe, 0x63, 0xe9, 0x04, 0xbd,
    0x93, 0x5a, 0xcd, 0x3c, 0x90, 0x8b, 0x5c, 0xbe, 0xa6, 0x49, 0xdc, 0x3d,
    0x05, 0x41, 0x1a, 0x3d, 0x88, 0xca, 0xdd, 0x3d, 0x50, 0x52, 0x4c, 0xbe,
    0xf9, 0x42, 0x16, 0xbc, 0xbe, 0x4f, 0xa2, 0xbc, 0x59, 0x1e, 0xf4, 0xbd,
    0x53, 0x04, 0x42, 0xbe, 0xbb, 0x25, 0x36, 0xbe, 0x89, 0x89, 0x33, 0xbe,
    0x99, 0xcd, 0xad, 0x3b, 0x54, 0x69, 0x6d, 0xbe, 0xf2, 0x30, 0x27, 0xbe,
    0x94, 0x87, 0xb9, 0xbd, 0x6f, 0x65, 0xaa, 0x3d, 0xd0, 0xd6, 0x03, 0xbe,
    0xc5, 0xd5, 0x4b, 0xbd, 0xd2, 0x2f, 0xaf, 0x3d, 0xc3, 0x4c, 0xa3, 0xbd,
    0x92, 0x7a, 0x2d, 0xbe, 0xf7, 0x99, 0x09, 0xbe, 0x4c, 0x0b, 0x2f, 0xbe,
    0xdf, 0xbc, 0x4e, 0xbe, 0xae, 0x2e, 0xfd, 0x3c, 0x9e, 0xd0, 0x94, 0xbd,
    0x65, 0x63, 0xd5, 0xbe, 0xb4, 0x9e, 0x1a, 0x3e, 0x68, 0x6b, 0x42, 0xbe,
    0xd2, 0x5d, 0x0a, 0x3e, 0xe9, 0x67, 0x1b, 0x3d, 0xf3, 0xe3, 0x5a, 0x3e,
    0xe4, 0xe8, 0x88, 0xbe, 0x3e, 0x47, 0xf7, 0x3d, 0xee, 0xd4, 0xc7, 0xbd,
    0x8b, 0x7a, 0x1b, 0x3d, 0xc3, 0x66, 0x9a, 0xba, 0x72, 0xdc, 0x6c, 0xbe,
    0x65, 0xf6, 0x85, 0xbd, 0xc1, 0x49, 0x65, 0x3d, 0xac, 0x71, 0x9a, 0xbb,
    0xbb, 0xa6, 0x10, 0x3e, 0x34, 0x25, 0xd6, 0x3d, 0xd4, 0x30, 0x03, 0xbd,
    0xbc, 0x08, 0xe7, 0xbd, 0x26, 0x4c, 0x1f, 0x3e, 0xf4, 0x0e, 0x49, 0xbd,
    0xcf, 0x36, 0x53, 0x3e, 0x23, 0x6f, 0x75, 0xbe, 0xec, 0xac, 0x15, 0x3e,
    0x2c, 0xc8, 0x11, 0xbe, 0x10, 0x93, 0x36, 0x3e, 0x2a, 0xd0, 0xe3, 0x3c,
    0x9e, 0x0a, 0x76, 0xbe, 0x2d, 0x8e, 0x1c, 0xbe, 0xf3, 0x8a, 0x50, 0xbd,
    0x59, 0xf9, 0x1c, 0xbe, 0xfc, 0x80, 0x6c, 0x3c, 0x7a, 0x32, 0x0e, 0xbe,
    0xae, 0x6b, 0x3a, 0xbd, 0x75, 0x10, 0x41, 0xbd, 0xf9, 0xdf, 0x27, 0x3e,
    0x76, 0xb6, 0x34, 0xbe, 0xc3, 0xa3, 0xc1, 0x3d, 0xa2, 0x7a, 0x51, 0xbe,
    0x78, 0xcd, 0x2d, 0xbe, 0x01, 0x37, 0x1b, 0x3b, 0x0c, 0xea, 0x6e, 0x3d,
    0xbd, 0xd2, 0xc2, 0xbd, 0x7b, 0x29, 0x80, 0xbe, 0xc7, 0x2b, 0xbc, 0xbd,
    0xbd, 0x78, 0xc2, 0xbd, 0x25, 0xcd, 0x46, 0xbd, 0x2d, 0x5a, 0x2a, 0x3c,
    0x38, 0xbe, 0x35, 0x3e, 0x22, 0x0a, 0x1e, 0xbe, 0x98, 0xfb, 0xc8, 0xbd,
    0xa2, 0xb6, 0x15, 0xbe, 0x9b, 0x13, 0x97, 0xbd, 0x8a, 0x1f, 0xd8, 0x3d,
    0x89, 0x02, 0x9c, 0xbe, 0x69, 0xbe, 0x46, 0xbe, 0x26, 0x3a, 0x01, 0x3d,
    0xd2, 0x12, 0xe9, 0x3c, 0x93, 0xf6, 0x3e, 0xbd, 0xae, 0x2f, 0x24, 0xbe,
    0xd6, 0xf6, 0x51, 0x3d, 0x94, 0x2a, 0x57, 0xbe, 0xcf, 0x0f, 0xbc, 0x3d,
    0x4d, 0x9d, 0xe9, 0x3d, 0x02, 0xfc, 0x5e, 0x3d, 0xd4, 0x8f, 0xab, 0xbe,
    0x90, 0x9f, 0x99, 0xbd, 0x5e, 0x47, 0xb8, 0x3c, 0x45, 0x81, 0x85, 0x3c,
    0x6f, 0xf1, 0x29, 0x3e, 0xb2, 0x3e, 0x49, 0x3d, 0x82, 0xbf, 0x97, 0xbd,
  0x9f, 0x71, 0x0a, 0x3e, 0x8e, 0x3e, 0x41, 0xbe, 0xe9, 0xa0, 0x87, 0x3a,
  0x32, 0xc8, 0x1e, 0xbe, 0x51, 0x20, 0x9e, 0x3c, 0x72, 0x48, 0x7d, 0x3d,
  0x04, 0x32, 0x97, 0x3e, 0x9e, 0x16, 0x0c, 0xbe, 0x76, 0x8a, 0xbd, 0x3e,
  0x07, 0x7e, 0xc4, 0xbe, 0xe8, 0x08, 0x0b, 0xbe, 0xeb, 0xfc, 0x16, 0x3e,
  0x57, 0xd6, 0x3e, 0x3e, 0x83, 0x40, 0x54, 0x3e, 0xa9, 0xda, 0x10, 0x3e,
  0x0f, 0x4a, 0x70, 0x3d, 0xa2, 0xd0, 0x20, 0xbd, 0xb8, 0x58, 0xb2, 0xbd,
  0x8d, 0x8b, 0xf9, 0xbd, 0x6b, 0x5e, 0x28, 0xbe, 0x1a, 0x71, 0xa5, 0xbd,
  0x30, 0x46, 0xd4, 0x3b, 0xbb, 0xc5, 0xd0, 0xbc, 0x27, 0x02, 0xc3, 0xbc,
  0x3c, 0x79, 0xad, 0x3e, 0x8a, 0x77, 0x06, 0xbe, 0xf5, 0x8c, 0x46, 0x3d,
  0x06, 0xa8, 0x51, 0xbd, 0x24, 0xd4, 0x37, 0x3e, 0x92, 0x3c, 0xc8, 0x3d,
  0x91, 0x47, 0x22, 0x3e, 0x82, 0x11, 0x8b, 0x3e, 0x7e, 0xef, 0xf7, 0xbb,
  0xf7, 0xe9, 0xe2, 0xbd, 0x7e, 0xc0, 0x8d, 0x3c, 0x02, 0x30, 0xc0, 0x3d,
  0x78, 0x3f, 0xb6, 0xbe, 0x7a, 0x13, 0xbd, 0xbd, 0x9c, 0xf0, 0xf0, 0xbd,
  0xde, 0x11, 0xcc, 0xbd, 0x8c, 0x1e, 0x34, 0x3e, 0xcd, 0xff, 0x00, 0x3d,
  0xb1, 0xc6, 0x2e, 0xbc, 0xd9, 0x25, 0xe8, 0xbd, 0xf6, 0x5b, 0x1b, 0xbe,
  0x1d, 0x9c, 0x47, 0xbb, 0x58, 0x94, 0x33, 0x3d, 0xfc, 0xf9, 0x35, 0x3e,
  0x7e, 0x5c, 0xd3, 0x3d, 0x1c, 0xe7, 0x71, 0xbe, 0xd5, 0x86, 0x4f, 0xbe,
  0xe6, 0xeb, 0x2b, 0x3e, 0x80, 0xf9, 0x07, 0xbf, 0x4e, 0xdc, 0x62, 0xbb,
  0xac, 0x74, 0x2f, 0x3d, 0xd4, 0xc1, 0x04, 0xbd, 0x41, 0x56, 0xb9, 0x3e,
  0x85, 0x95, 0xc5, 0xbd, 0x23, 0x8d, 0x0e, 0x3d, 0xaf, 0xd2, 0xed, 0x3c,
  0x4f, 0x96, 0xcd, 0xbd, 0x0f, 0xa8, 0x81, 0x3e, 0xf0, 0x29, 0x0d, 0x3d,
  0xe4, 0xd2, 0x70, 0x3e, 0xe6, 0x4b, 0x17, 0xbd, 0x99, 0x2d, 0x2e, 0x3d,
  0x6d, 0xd8, 0x8c, 0xbe, 0x55, 0x4c, 0xbc, 0x3d, 0x99, 0x87, 0xd5, 0xbe,
  0x5b, 0x80, 0xc2, 0xbd, 0xa3, 0x8e, 0xc1, 0x3c, 0xc9, 0xcf, 0xcd, 0xbd,
  0x36, 0xe5, 0x54, 0x3e, 0xcd, 0xcd, 0x00, 0xbe, 0xf9, 0xc0, 0xa2, 0xbd,
  0x61, 0x2a, 0xb9, 0x3e, 0x5d, 0x7f, 0xcf, 0x3c, 0x05, 0x15, 0x33, 0x3e,
  0x69, 0xb0, 0x6a, 0x3d, 0xba, 0x17, 0xb3, 0xbd, 0x50, 0x1d, 0x91, 0x3d,
  0x2e, 0x19, 0x67, 0xbd, 0xa6, 0x20, 0x97, 0xbd, 0x00, 0x9b, 0xdd, 0x3d,
  0xed, 0x40, 0x29, 0xbd, 0x1c, 0xa6, 0x85, 0xbd, 0x00, 0x21, 0xa0, 0x3c,
  0x2a, 0x04, 0x31, 0xbe, 0x8e, 0xc9, 0x43, 0x3e, 0xe6, 0x8b, 0x85, 0xbe,
  0xa0, 0xe6, 0xeb, 0xbd, 0x5e, 0xc4, 0xaf, 0x3e, 0x58, 0x6b, 0x24, 0x3e,
  0x24, 0xf3, 0x35, 0x3e, 0x3b, 0xe1, 0x94, 0x3c, 0xfa, 0xc6, 0x17, 0xbd,
  0x6c, 0x6a, 0x34, 0x3e, 0x54, 0xef, 0xcb, 0xbd, 0xe0, 0x34, 0xa5, 0x3c,
  0x8f, 0x90, 0x77, 0x3c, 0x12, 0xc1, 0x07, 0xbe, 0xbe, 0x2d, 0x14, 0xbe,
  0x57, 0xf5, 0x9d, 0x3d, 0x45, 0x6a, 0x66, 0xbd, 0xde, 0x59, 0xba, 0x3e,
  0x47, 0x08, 0x78, 0xbe, 0x10, 0xee, 0x23, 0x3d, 0xe9, 0x0d, 0x6e, 0xbc,
  0xfb, 0x55, 0xa5, 0x3e, 0xe8, 0xf1, 0x3d, 0x3d, 0xa1, 0xcb, 0xc0, 0xbb,
  0x54, 0x02, 0x2c, 0xbd, 0x79, 0xbf, 0x7f, 0x3d, 0x03, 0xa4, 0x8a, 0xbe,
  0xa5, 0x12, 0x2d, 0xbb, 0xa2, 0x9c, 0x04, 0x3d, 0x47, 0xfe, 0x90, 0xbd,
  0xe3, 0x97, 0xb1, 0xbe, 0x74, 0x7f, 0x01, 0x3e, 0xe2, 0x67, 0x2c, 0x3e,
  0xbd, 0xaf, 0x8f, 0x3e, 0xe5, 0x38, 0x10, 0xbf, 0x52, 0x69, 0xea, 0x3d,
  0x6a, 0x82, 0xca, 0xbb, 0x6a, 0x84, 0x87, 0x3e, 0x4d, 0xaf, 0xec, 0xbd,
  0xf4, 0xd0, 0xd0, 0xbe, 0xb7, 0xbd, 0xbe, 0xbe, 0x1d, 0x72, 0x97, 0xbd,
  0x70, 0x02, 0xc3, 0xbe, 0x66, 0x87, 0xc9, 0x3d, 0xbb, 0x2a, 0x3e, 0x3e,
  0xed, 0x7d, 0xec, 0xbd, 0xb0, 0x5e, 0xf1, 0xbe, 0xa5, 0x7d, 0xbd, 0xbd,
  0xc0, 0xf2, 0xb9, 0x3c, 0xf8, 0xee, 0xb2, 0xbd, 0x61, 0x31, 0xe2, 0x3d,
  0x04, 0x31, 0x9e, 0x3d, 0xbe, 0x81, 0xb5, 0xbc, 0x33, 0x53, 0xa1, 0xbe,
  0xf1, 0x91, 0xc3, 0x3d, 0x74, 0xfb, 0x9c, 0xbe, 0x2d, 0x69, 0xd9, 0xbe,
  0x73, 0x21, 0x0b, 0xbe, 0xfb, 0x5f, 0xb1, 0xbe, 0x06, 0x4c, 0x8b, 0x3d,
  0xe5, 0x98, 0x76, 0x3b, 0x96, 0xc6, 0xeb, 0xbb, 0xb0, 0xda, 0xf0, 0xbd,
  0x54, 0x16, 0x6a, 0x3c, 0x29, 0x1a, 0x1c, 0xbe, 0xb6, 0x29, 0x90, 0x3d,
  0x26, 0x2e, 0x27, 0xbd, 0x11, 0x26, 0xe3, 0xbd, 0x73, 0xb0, 0xb5, 0x3d,
  0xa6, 0x0a, 0xa4, 0xbd, 0x08, 0xa6, 0x08, 0xbe, 0x37, 0x23, 0x05, 0xbe,
  0x30, 0xd2, 0x03, 0xbe, 0x23, 0x8e, 0x33, 0x3d, 0x2c, 0x20, 0xe9, 0x3d,
  0x76, 0x43, 0x1c, 0xbe, 0x35, 0x20, 0x0d, 0xbd, 0xbc, 0x5e, 0x69, 0xbc,
  0x12, 0x85, 0x6a, 0xbc, 0x22, 0x8a, 0x91, 0x3d, 0x3d, 0x42, 0x2f, 0xbd,
  0x57, 0x4e, 0xdb, 0x3d, 0xb7, 0x16, 0x22, 0x3e, 0xe9, 0x44, 0x32, 0xbd,
  0xcd, 0x08, 0x4b, 0xbd, 0x6f, 0xd4, 0x99, 0xbd, 0xb2, 0x80, 0x08, 0x3e,
  0x4a, 0x37, 0xe4, 0xbd, 0xb0, 0xa7, 0x3b, 0x3c, 0x9a, 0x56, 0x02, 0x3e,
  0x19, 0x4c, 0x4f, 0x3b, 0xe5, 0xe3, 0x47, 0xbc, 0x42, 0x2a, 0x7b, 0xbd,
  0x83, 0x61, 0xfd, 0xbd, 0xfd, 0x13, 0x6d, 0xbe, 0x4b, 0x85, 0x97, 0xbd,
  0x08, 0x1d, 0xde, 0xbd, 0x7e, 0x68, 0xf1, 0xbc, 0x7a, 0xbd, 0x78, 0x3d,
  0xcb, 0xc3, 0x74, 0xbe, 0x27, 0x9c, 0x9e, 0xbd, 0x9a, 0x94, 0xea, 0xbd,
  0x74, 0xed, 0x0d, 0x3d, 0xa5, 0xfe, 0x76, 0x3c, 0xf0, 0xb0, 0x8e, 0xbc,
  0x5b, 0x1e, 0x0c, 0x3e, 0xc7, 0x72, 0xfd, 0xbd, 0x88, 0xf6, 0x45, 0x3a,
  0x96, 0xfb, 0x8b, 0x3d, 0xde, 0x9e, 0xb0, 0xbd, 0xa0, 0x4e, 0x26, 0xbd,
  0xc9, 0xeb, 0x93, 0x3d, 0x90, 0x2e, 0x84, 0xbd, 0x55, 0x3b, 0x4e, 0x3d,
  0x12, 0x7f, 0x3a, 0x3d, 0x56, 0x17, 0x29, 0xbe, 0x12, 0xcc, 0xb0, 0x3d,
  0xaa, 0x6e, 0xa8, 0xbd, 0x91, 0x16, 0x19, 0xbc, 0xfc, 0x89, 0xaa, 0x3d,
  0x67, 0x0e, 0x18, 0x3d, 0x00, 0x39, 0xf3, 0x3c, 0xbc, 0x50, 0x13, 0x3e,
  0x66, 0xb1, 0x9a, 0x3c, 0xb6, 0x25, 0x2d, 0x3b, 0xb5, 0xb8, 0x17, 0xbd,
  0x36, 0x21, 0xe1, 0xbd, 0x88, 0x19, 0x0f, 0xbe, 0x0c, 0x62, 0xd5, 0xbc,
  0xea, 0x69, 0x98, 0xbc, 0x53, 0xb3, 0xec, 0x3d, 0xd1, 0x22, 0x0d, 0xbe,
  0xf3, 0x7f, 0x30, 0xbc, 0x1e, 0x2a, 0x52, 0x3c, 0x01, 0x5e, 0xf8, 0x3d,
  0x7b, 0x39, 0x7d, 0xbd, 0x87, 0x18, 0x12, 0xbc, 0x3b, 0xf8, 0x99, 0x3c,
  0x9d, 0xa1, 0xa8, 0xbd, 0x19, 0xd8, 0x2c, 0xbe, 0xde, 0xa6, 0x0a, 0xbe,
  0x8f, 0x68, 0x43, 0xbd, 0x24, 0xec, 0x3a, 0xbe, 0x63, 0xab, 0x18, 0xbe,
  0x06, 0x76, 0x24, 0x3d, 0x55, 0xe1, 0x0d, 0xbd, 0x81, 0x39, 0x60, 0xbd,
  0xa8, 0x83, 0xc9, 0xbc, 0xe8, 0x4c, 0xa9, 0x3d, 0x82, 0xcd, 0x91, 0x3d,
  0x9c, 0xc7, 0xfb, 0x3b, 0xa9, 0x32, 0x23, 0xbe, 0xc0, 0x43, 0xed, 0xbc,
  0x7e, 0x06, 0xd2, 0x3d, 0xf2, 0x96, 0x15, 0x3e, 0x9d, 0x02, 0x51, 0xbe,
  0x98, 0xe5, 0x99, 0xbd, 0xe1, 0xdc, 0x18, 0x3d, 0x97, 0x70, 0x86, 0xbe,
  0xd1, 0x09, 0x61, 0xbd, 0x00, 0x53, 0x9d, 0xbd, 0x80, 0x48, 0xd8, 0xbd,
  0xa6, 0x5f, 0x40, 0x3c, 0xbc, 0x7c, 0xa1, 0x3c, 0xd9, 0xe4, 0x68, 0xbc,
  0x85, 0x65, 0x45, 0xbe, 0xc7, 0x30, 0xcc, 0x3b, 0x30, 0xd9, 0x06, 0x3d,
  0xd0, 0x4a, 0x3e, 0xbe, 0x80, 0x81, 0x03, 0xbb, 0x4e, 0x50, 0xbf, 0x3d,
  0x97, 0xf3, 0x03, 0xbe, 0x3b, 0x8c, 0x22, 0xbe, 0x7a, 0x65, 0x53, 0xbd,
  0xe2, 0x02, 0x97, 0xbc, 0x6e, 0x42, 0x1a, 0x3e, 0xe0, 0xfa, 0x9d, 0x3d,
  0x0b, 0xfe, 0xd9, 0xbd, 0x30, 0x3f, 0xc3, 0xbc, 0xdb, 0x7c, 0x4e, 0xbe,
  0xf3, 0x74, 0x08, 0xbe, 0x99, 0xaf, 0x3a, 0xbe, 0x1e, 0x95, 0x2b, 0xbc,
  0x18, 0x5b, 0x59, 0xbe, 0x90, 0xf0, 0xbe, 0xbd, 0x0e, 0x93, 0x56, 0xbd,
  0xc7, 0x17, 0xfe, 0xba, 0x68, 0x38, 0xd4, 0xbd, 0xc5, 0x79, 0x29, 0xbd,
  0x91, 0x58, 0x92, 0xbc, 0x11, 0xca, 0xa9, 0xbe, 0x4f, 0xe4, 0x24, 0xbe,
  0x02, 0xec, 0xa0, 0x3d, 0x96, 0x25, 0x47, 0xbc, 0xf9, 0x82, 0xd8, 0x3c,
  0x83, 0x9e, 0x22, 0x3d, 0x3b, 0xbc, 0xeb, 0xbd, 0x9e, 0xdc, 0xcd, 0xbd,
  0xba, 0x16, 0xc2, 0x3d, 0x1d, 0xd5, 0x18, 0x3c, 0x84, 0xa2, 0xa1, 0x3d,
  0x50, 0x2b, 0x80, 0xbc, 0x2b, 0xf8, 0x22, 0x3d, 0x1c, 0xb7, 0x4c, 0xbd,
  0x2c, 0x91, 0x94, 0xbd, 0xa6, 0x5c, 0x5d, 0x3d, 0x60, 0x02, 0x9c, 0xbe,
  0x22, 0x46, 0x2f, 0x3d, 0xcb, 0x93, 0x86, 0xbc, 0xc6, 0xcc, 0x99, 0xbd,
  0x7a, 0x78, 0xa3, 0xbd, 0xd8, 0x3f, 0xb1, 0xbd, 0x44, 0xbb, 0xdc, 0x3d,
  0xd6, 0x16, 0xf1, 0x3b, 0x2c, 0x83, 0xe3, 0x3d, 0xa6, 0x02, 0x20, 0xbc,
  0x0c, 0x3f, 0xc6, 0x3d, 0xc0, 0x94, 0x92, 0x3d, 0xef, 0xd3, 0x1c, 0xbe,
  0xfb, 0x30, 0xf5, 0xbd, 0x89, 0x6d, 0xb6, 0xbd, 0x9f, 0x26, 0xcc, 0xbd,
  0x77, 0x41, 0x60, 0xbe, 0x39, 0x84, 0x9c, 0xbc, 0xe8, 0x8a, 0xe3, 0xbc,
  0x0e, 0x85, 0x81, 0x3d, 0x48, 0x6e, 0x98, 0x3d, 0x43, 0x75, 0x63, 0xbe,
  0xed, 0x1f, 0x71, 0xbd, 0x79, 0xd8, 0xb7, 0xbd, 0x53, 0x94, 0x03, 0xbe,
  0xa5, 0x21, 0xf3, 0xbd, 0x8d, 0xa4, 0x99, 0x3c, 0xda, 0x01, 0x20, 0xbd,
  0xeb, 0x8a, 0xff, 0x3c, 0x5d, 0x45, 0x2d, 0xbe, 0xb7, 0xa3, 0x8e, 0x3d,
  0x62, 0xe7, 0xa0, 0x3c, 0xba, 0x72, 0x77, 0xbe, 0x8d, 0xf4, 0x67, 0xbd,
  0x02, 0x60, 0xda, 0xbd, 0x6e, 0xac, 0x52, 0x3d, 0xa7, 0x9d, 0x05, 0xbe,
  0x5f, 0x70, 0x3d, 0xbe, 0xf3, 0x78, 0x3a, 0xbd, 0x28, 0x3a, 0xd1, 0x3d,
  0x19, 0x8f, 0x8c, 0x3c, 0x76, 0xd5, 0x2d, 0xbb, 0xd9, 0x32, 0xa0, 0xbc,
  0x3a, 0x2c, 0xd7, 0xbd, 0xc2, 0x9d, 0x18, 0xbc, 0x31, 0x4a, 0x35, 0x3e,
  0x7c, 0x75, 0x4e, 0xbe, 0xdf, 0xce, 0xc8, 0x3c, 0x1c, 0xa9, 0x8a, 0xbd,
  0x51, 0x6d, 0xf4, 0xbc, 0x97, 0x46, 0x5f, 0xbd, 0x08, 0x24, 0xdf, 0xbd,
  0xb9, 0x3d, 0xfb, 0xbd, 0x48, 0x90, 0x08, 0xbe, 0x1d, 0x0f, 0x88, 0x3d,
  0x69, 0xce, 0x98, 0x3d, 0xfd, 0xbd, 0x18, 0xbe, 0xf4, 0xa8, 0x0a, 0xbd,
  0x32, 0x0f, 0x9a, 0xbd, 0x36, 0x29, 0xe8, 0x3d, 0x60, 0x43, 0x1c, 0xbe,
  0x2b, 0xe4, 0x8a, 0xbd, 0x12, 0xe7, 0x73, 0xbd, 0x85, 0x0b, 0x90, 0xbd,
  0xa3, 0xc8, 0xb1, 0xbd, 0xeb, 0x97, 0x53, 0xbe, 0x4e, 0x34, 0x8f, 0xbe,
  0x50, 0x24, 0x3c, 0xbe, 0x29, 0xc6, 0xfd, 0x3c, 0xd7, 0xf1, 0x51, 0xbe,
  0x62, 0x6b, 0xa9, 0x3c, 0xb6, 0xe4, 0xec, 0xbd, 0xd1, 0x86, 0x12, 0x3c,
  0x1f, 0x5d, 0x68, 0xbe, 0x05, 0x44, 0xfc, 0x3d, 0xcd, 0x26, 0xc7, 0xbd,
  0xc1, 0x1c, 0x46, 0xbe, 0x26, 0xf9, 0x66, 0xbe, 0x6d, 0x2d, 0x8d, 0xbd,
  0x45, 0xd5, 0x73, 0x3e, 0x14, 0x86, 0x5a, 0x3e, 0xef, 0xb4, 0x59, 0xbe,
  0xa4, 0xae, 0x8b, 0x3e, 0xf5, 0x1c, 0xaf, 0x3d, 0xd7, 0xe9, 0x4d, 0xbd,
  0xca, 0x9d, 0xcc, 0x3d, 0xac, 0x0f, 0x4f, 0x3e, 0x70, 0xa7, 0x8c, 0x3e,
  0xb6, 0xbc, 0xdd, 0x3e, 0x15, 0x3d, 0x03, 0x3f, 0x2b, 0xc7, 0x69, 0x3e,
  0x21, 0x35, 0x51, 0x3e, 0x57, 0xbf, 0x14, 0x3e, 0xd2, 0xfe, 0xc5, 0xbd,
  0x95, 0xf0, 0x85, 0x3e, 0x0c, 0xb4, 0x90, 0x3c, 0x04, 0x1b, 0x2d, 0x3e,
  0xb7, 0xed, 0x18, 0x3d, 0xa1, 0x75, 0xbd, 0xbc, 0x51, 0x16, 0xe2, 0x3e,
  0x0f, 0x37, 0xa8, 0x3e, 0x56, 0xee, 0xa7, 0x3d, 0x4f, 0x69, 0x75, 0x3e,
  0x01, 0xaa, 0x84, 0x3e, 0x81, 0x37, 0xfa, 0x3d, 0xa3, 0x8b, 0x32, 0x3e,
  0xf9, 0xa2, 0x22, 0x3e, 0x91, 0x64, 0x8f, 0x3d, 0x26, 0xbe, 0xc4, 0x3e,
  0x13, 0xc0, 0x01, 0xbe, 0xff, 0x73, 0x5f, 0x3e, 0x37, 0x73, 0xb7, 0xbc,
  0x08, 0x8d, 0x99, 0x3e, 0x6c, 0x58, 0xba, 0x3d, 0x05, 0x1e, 0x66, 0xbe,
  0xf8, 0x79, 0x9f, 0x3e, 0xe4, 0x38, 0xe5, 0x3e, 0xfa, 0xe3, 0xe4, 0xbc,
  0x33, 0xe4, 0x41, 0x3e, 0x65, 0x67, 0x67, 0x3e, 0xe9, 0xbf, 0x8c, 0x3e,
  0x2c, 0x63, 0x01, 0x3f, 0x11, 0x51, 0x7a, 0x3e, 0x38, 0xe9, 0xf6, 0x3d,
  0x0b, 0x58, 0x42, 0x3f, 0x3a, 0x7b, 0xb8, 0xbb, 0xe8, 0x10, 0xdd, 0x3d,
  0x74, 0xae, 0xfb, 0xbd, 0xd4, 0xc4, 0xef, 0x3e, 0xe2, 0x37, 0x8b, 0xbc,
  0x5f, 0x45, 0xcb, 0xbd, 0x50, 0xe3, 0xc9, 0xbe, 0x3d, 0x94, 0x7c, 0xbe,
  0xe1, 0xfb, 0x89, 0x3c, 0xae, 0x2e, 0x8c, 0x3e, 0x70, 0x22, 0x48, 0x3c,
  0x9b, 0xae, 0x8f, 0x3c, 0xe9, 0x95, 0x03, 0xbd, 0x06, 0x02, 0x73, 0x3e,
  0x72, 0xe4, 0xe7, 0x3d, 0x1c, 0xf2, 0x76, 0xbe, 0xea, 0xac, 0x14, 0x3c,
  0x1e, 0x37, 0x6a, 0x3c, 0x81, 0x10, 0xb4, 0xbd, 0x8d, 0x0b, 0x11, 0x3e,
  0xdd, 0xe1, 0x94, 0xbe, 0x16, 0x15, 0x27, 0xbe, 0xee, 0xc1, 0xf5, 0xbe,
  0x3e, 0xe2, 0xff, 0xbd, 0xc6, 0xb4, 0xa1, 0xbc, 0x8e, 0x86, 0x9a, 0x3e,
  0x37, 0xbd, 0x4d, 0xbd, 0x6d, 0x3a, 0x21, 0xbd, 0x8b, 0x67, 0x5d, 0xbd,
  0xe0, 0x6f, 0x80, 0xbe, 0x64, 0x9c, 0x6e, 0xbd, 0xb7, 0x82, 0x79, 0xbe,
  0x4b, 0x24, 0x3c, 0xbd, 0x67, 0x94, 0x2a, 0x3e, 0xd5, 0x98, 0xa7, 0xbd,
  0xa8, 0x46, 0xa5, 0x3d, 0xf3, 0xb9, 0x9e, 0xbe, 0xeb, 0x7b, 0x93, 0x3d,
  0xe5, 0xd8, 0x91, 0xbe, 0xc9, 0xbd, 0x06, 0xbe, 0x08, 0x33, 0x14, 0x3d,
  0x9a, 0x54, 0x63, 0x3d, 0x49, 0xbc, 0xc0, 0x3d, 0x76, 0xbe, 0x80, 0xbe,
  0x64, 0x2d, 0x37, 0xbe, 0x2f, 0xba, 0x3d, 0x3d, 0xff, 0xa0, 0x19, 0x3e,
  0x7c, 0xd5, 0x92, 0xbd, 0x85, 0xd5, 0xaa, 0x3d, 0xeb, 0xf6, 0x39, 0x3d,
  0x16, 0x01, 0x82, 0xbc, 0xf7, 0x5b, 0x2e, 0x3e, 0x32, 0x79, 0xce, 0xbe,
  0x0e, 0xa1, 0xf9, 0xbc, 0x25, 0x83, 0xea, 0xbe, 0xab, 0xdf, 0x18, 0xbe,
  0x3c, 0xb5, 0x9d, 0xbc, 0xb6, 0x16, 0xc7, 0xbd, 0x59, 0xf6, 0x64, 0xbe,
  0x27, 0xbd, 0x7d, 0xbe, 0x19, 0xff, 0x11, 0xbe, 0x15, 0xa6, 0xbc, 0xbd,
  0x9f, 0x9c, 0xa3, 0x3d, 0x61, 0x7b, 0x7c, 0x3d, 0x06, 0xef, 0x47, 0xbd,
  0x57, 0x89, 0x86, 0x3d, 0xbc, 0x38, 0xd5, 0x3d, 0x8c, 0x22, 0x61, 0x3e,
  0xd9, 0x29, 0xa6, 0xbe, 0xb9, 0x9a, 0xb2, 0xbd, 0xa4, 0x6b, 0xf8, 0xbe,
  0xdd, 0x66, 0x5b, 0xbe, 0x60, 0xe5, 0x4e, 0xbd, 0x75, 0xcf, 0x63, 0xbe,
  0x1d, 0x84, 0xa8, 0xbd, 0xf2, 0x8d, 0x21, 0xbe, 0x39, 0x94, 0x00, 0xbc,
  0x29, 0xbf, 0x6e, 0xbe, 0x8d, 0x01, 0x83, 0x3c, 0xd3, 0x9a, 0xb3, 0xbd,
  0x05, 0xb6, 0x74, 0xbd, 0x37, 0xba, 0xeb, 0x3c, 0xc5, 0xf5, 0xc0, 0x3d,
  0x83, 0x3a, 0x1a, 0x3e, 0xfb, 0x0b, 0xa8, 0xbe, 0xa2, 0x5d, 0xb9, 0x3c,
  0xf2, 0xf9, 0xfa, 0xbe, 0x1e, 0xc7, 0xce, 0xbd, 0x79, 0xba, 0x6d, 0xbd,
  0x12, 0x11, 0xf7, 0xbd, 0xab, 0x83, 0x91, 0xbe, 0x03, 0x1c, 0x99, 0x3a,
  0x76, 0x0b, 0x83, 0xbe, 0x8b, 0xa6, 0x95, 0xbe, 0xc8, 0x9c, 0xb5, 0x3d,
  0x1d, 0x65, 0xb6, 0xbd, 0x24, 0x87, 0x9d, 0x3d, 0xaf, 0x20, 0x88, 0x3d,
  0xb6, 0xd0, 0x1b, 0x3d, 0x46, 0xd9, 0x4b, 0x3c, 0x0d, 0x08, 0xad, 0xbe,
  0xc3, 0xcf, 0x1e, 0x3e, 0x9d, 0xbf, 0x26, 0xbf, 0xfa, 0xae, 0x20, 0xbe,
  0x69, 0x3e, 0x1e, 0x3d, 0xe2, 0xd6, 0x2b, 0x3d, 0xf9, 0x4a, 0x0f, 0xbe,
  0xe6, 0xe5, 0xfc, 0xbd, 0x81, 0x35, 0x6d, 0xbe, 0x07, 0x04, 0xc9, 0xbe,
  0xdf, 0xeb, 0xe2, 0xbc, 0xbe, 0xf8, 0x38, 0xbe, 0xf0, 0xef, 0x07, 0x3e,
  0xb7, 0x48, 0x33, 0x3d, 0x6e, 0xe5, 0x37, 0x3e, 0x94, 0xda, 0x80, 0xbc,
  0x1a, 0x23, 0xaa, 0xbe, 0x1e, 0xda, 0xc9, 0xbd, 0x66, 0x77, 0x32, 0xbf,
  0x6a, 0xed, 0xc4, 0xbe, 0x52, 0xff, 0x60, 0xbd, 0xd3, 0x63, 0xbd, 0xbd,
  0x3d, 0xf9, 0x36, 0xbe, 0x14, 0x46, 0xb1, 0xbd, 0x95, 0x9d, 0x57, 0xbe,
  0x10, 0x97, 0xe2, 0xbe, 0xeb, 0x5e, 0xdf, 0x3d, 0x0e, 0x63, 0x02, 0xbf,
  0x3f, 0xd3, 0x27, 0x3e, 0x86, 0x91, 0x14, 0x3c, 0x7c, 0x89, 0x82, 0x3e,
  0xf0, 0x9d, 0xb2, 0xbd, 0xa3, 0xc8, 0xf9, 0xbe, 0xc0, 0xa3, 0x2b, 0xbb,
  0x7c, 0x87, 0xa1, 0xbe, 0x87, 0xe9, 0x6a, 0xbd, 0xc7, 0x5e, 0xe3, 0x3b,
  0x9e, 0x54, 0xa0, 0x3d, 0x12, 0xb0, 0x74, 0x3e, 0xcf, 0xa1, 0x3f, 0x3e,
  0x2e, 0x8f, 0xa6, 0xbe, 0x37, 0xc9, 0xba, 0xbe, 0x11, 0xc0, 0xa7, 0x3d,
  0x57, 0x83, 0x64, 0xbe, 0xaa, 0x86, 0x4c, 0x3d, 0xbe, 0xf6, 0x3d, 0xbe,
  0xde, 0x01, 0x9e, 0x3d, 0xb9, 0xf9, 0xe6, 0x3d, 0xf1, 0x04, 0x0d, 0xbf,
  0xe2, 0xc0, 0xaf, 0xbd, 0xcf, 0xc9, 0x77, 0xbe, 0xd2, 0xdf, 0xc5, 0xbd,
  0xe3, 0xc8, 0x2a, 0xbd, 0x19, 0xcd, 0x90, 0x3e, 0xbe, 0xe9, 0x20, 0x3d,
  0x8d, 0x57, 0x6d, 0x3e, 0x62, 0xb9, 0xac, 0xbe, 0xea, 0xe7, 0x91, 0xbe,
  0xf7, 0x46, 0xb9, 0x3e, 0x25, 0x61, 0x74, 0xbe, 0xb6, 0x6d, 0xd8, 0x3c,
  0xbb, 0x6b, 0xfa, 0xbd, 0xbd, 0x3b, 0x75, 0x3e, 0xd8, 0x24, 0x40, 0x3e,
  0xed, 0xdf, 0x52, 0x3e, 0x33, 0x59, 0x04, 0x3e, 0x9d, 0x06, 0xa8, 0x3d,
  0x02, 0x57, 0x8d, 0xbd, 0x0f, 0x8f, 0xe3, 0x3d, 0xec, 0xb6, 0xe2, 0x3e,
  0x09, 0x99, 0x65, 0x3d, 0x82, 0x1d, 0x31, 0x3e, 0xf1, 0x6e, 0x61, 0x3c,
  0x14, 0x3d, 0xe1, 0xbb, 0xa4, 0xe2, 0xc9, 0x3e, 0xa0, 0xb5, 0x51, 0xbd,
  0x27, 0x45, 0xa1, 0xbd, 0xe0, 0x58, 0x34, 0x3e, 0xdc, 0x89, 0xd6, 0xbe,
  0x7a, 0x03, 0x32, 0x3e, 0xe5, 0xcf, 0x12, 0xbe, 0x1f, 0x5b, 0xa3, 0xbe,
  0x7a, 0x06, 0x35, 0x3e, 0xa0, 0x64, 0x0d, 0x3e, 0x0e, 0x46, 0xc6, 0xbe,
  0x8c, 0x1b, 0xcc, 0x3d, 0xc0, 0x77, 0x54, 0x3d, 0x82, 0xd0, 0x26, 0x3e,
  0xa8, 0x3a, 0x8b, 0x3e, 0xc0, 0xb0, 0xa8, 0xbc, 0xc7, 0x9d, 0x60, 0x3e,
  0x5d, 0x19, 0xbf, 0x3e, 0xbf, 0x8b, 0xb9, 0xbe, 0xd1, 0x01, 0xb2, 0x3d,
  0x40, 0x89, 0x4e, 0xbd, 0x28, 0xa3, 0x7b, 0x3e, 0xab, 0xe2, 0x83, 0xbe,
  0x1c, 0xaf, 0x2b, 0x3e, 0xa3, 0xcb, 0x8b, 0x3e, 0x90, 0x04, 0xde, 0x3c,
  0xef, 0xfb, 0x55, 0xbe, 0xc6, 0x25, 0x96, 0xbd, 0x5b, 0x81, 0x08, 0x3e,
  0xf2, 0x49, 0x81, 0xbd, 0x68, 0xfd, 0x0a, 0x3e, 0x45, 0x73, 0x06, 0x3e,
  0x57, 0x2a, 0xb4, 0x3c, 0xbd, 0x4f, 0xb4, 0x3e, 0x52, 0x2f, 0x14, 0xbf,
  0x6c, 0x2e, 0xb7, 0x3c, 0x2f, 0x40, 0x01, 0xbe, 0x57, 0x6b, 0xca, 0x3e,
  0x4f, 0x0c, 0x04, 0xbe, 0x9d, 0xb6, 0x35, 0xbe, 0x12, 0x97, 0x0b, 0xbd,
  0x89, 0x9f, 0x80, 0x3e, 0xf6, 0x6b, 0x8f, 0xbe, 0x84, 0xd1, 0xae, 0x3d,
  0xea, 0x83, 0x49, 0x3e, 0x3f, 0x0a, 0x25, 0x3e, 0x87, 0x3d, 0xd1, 0x3e,
  0x0f, 0xb9, 0x02, 0x3e, 0x81, 0x44, 0x60, 0x3e, 0x17, 0x74, 0x01, 0x3f,
  0x3e, 0xa2, 0x03, 0xbf, 0x39, 0xe6, 0x13, 0x3e, 0xa0, 0x9d, 0xad, 0xbd,
  0x6a, 0xe6, 0x98, 0x3e, 0xb8, 0x0e, 0x38, 0xbe, 0xf4, 0xfd, 0x1b, 0x3e,
  0xba, 0xa8, 0xaa, 0xbd, 0x3d, 0x78, 0x83, 0xbd, 0x9c, 0x58, 0x77, 0xbe,
  0xf2, 0x9e, 0x26, 0x3e, 0x29, 0xd5, 0xce, 0x3c, 0xed, 0x36, 0xb1, 0x3d,
  0x24, 0x91, 0xc3, 0x3e, 0x4d, 0xfe, 0x3a, 0x3d, 0xea, 0xae, 0x8b, 0xbd,
  0xe6, 0x74, 0xd1, 0x3b, 0xe0, 0x88, 0xb7, 0xbe, 0x25, 0x5c, 0x44, 0x3b,
  0x94, 0xe7, 0x40, 0xbe, 0xa3, 0x4c, 0x30, 0x3d, 0xfc, 0xd3, 0x57, 0xbc,
  0x8c, 0xf7, 0xb3, 0xbd, 0x85, 0xdf, 0xd0, 0xbd, 0x3e, 0x04, 0xbf, 0xbb,
  0xb9, 0xdf, 0x5c, 0xbe, 0x6c, 0x3f, 0x8c, 0x3e, 0x63, 0xdf, 0x64, 0xbd,
  0x0e, 0xdc, 0x6f, 0x3d, 0x19, 0x36, 0x55, 0xbd, 0x5c, 0x48, 0x89, 0xbd,
  0x95, 0xab, 0x6f, 0xbd, 0xc3, 0x62, 0x97, 0x3d, 0x56, 0x3c, 0x8a, 0xbe,
  0xed, 0xc6, 0x44, 0x3e, 0xc1, 0xd1, 0x64, 0xbe, 0xb8, 0xf4, 0x77, 0xbc,
  0xaf, 0x91, 0x14, 0xbe, 0x83, 0x4b, 0x38, 0xbe, 0xc6, 0x9a, 0xfc, 0xbd,
  0xad, 0x36, 0x05, 0xbc, 0x43, 0xd8, 0x3f, 0xbe, 0x29, 0xde, 0x5c, 0x3e,
  0x59, 0xd6, 0x07, 0xbe, 0x5b, 0x54, 0x97, 0xbd, 0x31, 0xa0, 0x96, 0x3b,
  0x41, 0x19, 0xd8, 0xbb, 0xdf, 0xb6, 0xf8, 0xbb, 0x42, 0xe4, 0x12, 0x3e,
  0xfe, 0xda, 0x0c, 0xbe, 0x53, 0x8d, 0x14, 0x3d, 0x3b, 0xc6, 0xe0, 0xbd,
  0x57, 0xcd, 0x9f, 0xbd, 0xa9, 0xea, 0x75, 0xbd, 0x9d, 0xde, 0x0d, 0x3c,
  0x11, 0x47, 0xa7, 0xbe, 0xf2, 0x0a, 0x16, 0x3d, 0xe0, 0x4e, 0xa4, 0xbe,
  0xfe, 0x12, 0x08, 0x3e, 0x0c, 0xe2, 0x23, 0xbe, 0xba, 0x27, 0x3d, 0xbd,
  0xda, 0xd6, 0x59, 0x3c, 0x66, 0xf9, 0xc1, 0x3d, 0xbc, 0x6b, 0xbc, 0xbd,
  0x52, 0x75, 0x68, 0xbb, 0x4c, 0x3c, 0xc4, 0xbe, 0x60, 0xed, 0x3b, 0x3e,
  0xab, 0x35, 0x48, 0x3d, 0x0f, 0xf1, 0xd9, 0x3d, 0x75, 0x1f, 0x31, 0xbe,
  0xcb, 0x7a, 0x97, 0xbc, 0x6c, 0xb3, 0xc4, 0xbe, 0x18, 0x90, 0x2a, 0xbe,
  0x42, 0x2f, 0xa7, 0xbd, 0xca, 0x78, 0xd1, 0x3c, 0xe6, 0xed, 0x45, 0x3d,
  0x30, 0x0f, 0x1d, 0x3e, 0x05, 0x82, 0x44, 0x3d, 0x7d, 0x6c, 0x6b, 0xbd,
  0x88, 0x1a, 0xa7, 0x3a, 0x7a, 0x81, 0x84, 0x3c, 0x76, 0x53, 0xa9, 0xbe,
  0x28, 0xc1, 0x2a, 0x3d, 0x99, 0x26, 0x8e, 0xbe, 0xb4, 0x93, 0x30, 0x3e,
  0xb6, 0x64, 0xa8, 0x3d, 0x0b, 0x01, 0xdb, 0x3b, 0xab, 0x91, 0x1c, 0xbe,
  0xa4, 0x5d, 0xf5, 0xbd, 0xe5, 0xd8, 0x83, 0xbe, 0xd4, 0xb4, 0x6f, 0x3e,
  0x41, 0x33, 0x46, 0xbe, 0xc7, 0xa6, 0xf4, 0x3c, 0x78, 0xc0, 0x78, 0xbd,
  0x61, 0x2b, 0x4c, 0x3a, 0xed, 0xe3, 0x02, 0x3e, 0x02, 0x11, 0x2a, 0x3e,
  0x52, 0x34, 0x86, 0xbe, 0xda, 0xa3, 0x7d, 0x3d, 0x04, 0xf9, 0xbc, 0xbd,
  0x83, 0x56, 0xd9, 0xbc, 0x97, 0x1e, 0x29, 0xbc, 0x4c, 0xf6, 0x51, 0xbe,
  0x79, 0x0a, 0xad, 0xbe, 0x83, 0x85, 0xe7, 0xbc, 0x7a, 0xe2, 0xc6, 0xbe,
  0x92, 0xaa, 0x25, 0x3d, 0x70, 0x47, 0x0d, 0xbe, 0x1d, 0x47, 0x8b, 0x3d,
  0x66, 0xee, 0x46, 0xbd, 0x95, 0x97, 0xc6, 0xbd, 0xdd, 0x91, 0x2a, 0x3e,
  0xca, 0xa0, 0xf6, 0xbd, 0x0b, 0xef, 0xaf, 0xbe, 0x8f, 0x46, 0xfe, 0x3d,
  0xbb, 0xa0, 0x80, 0xbe, 0xb6, 0x20, 0xb8, 0xbc, 0xc7, 0x2a, 0x9b, 0xbd,
  0x63, 0x99, 0x78, 0x3e, 0xa5, 0x8b, 0xd8, 0xbd, 0x36, 0xfd, 0x46, 0xbe,
  0xa2, 0x3e, 0x3a, 0xbe, 0x44, 0xf3, 0xb6, 0xbb, 0x21, 0x26, 0xa3, 0xbe,
  0x6f, 0x4f, 0x8f, 0xbd, 0xc4, 0x02, 0x43, 0xbe, 0x7d, 0x70, 0x3c, 0xbd,
  0xbe, 0x2a, 0xeb, 0x3d, 0xfc, 0xe6, 0x1d, 0xbe, 0x24, 0x3b, 0xb7, 0xbd,
  0x36, 0xcd, 0xa6, 0x3d, 0xa5, 0x29, 0x45, 0x3c, 0x97, 0xff, 0x83, 0xbd,
  0xea, 0x01, 0x0b, 0x3e, 0x36, 0x02, 0x88, 0xbd, 0x04, 0xcc, 0x51, 0xbd,
  0x9d, 0xfa, 0x27, 0xbd, 0x42, 0x4e, 0x68, 0x3e, 0x87, 0x1c, 0x84, 0x3d,
  0x67, 0x73, 0x86, 0xbe, 0xb1, 0x38, 0x94, 0x3d, 0x31, 0x18, 0x88, 0xbe,
  0xbd, 0x1e, 0xac, 0xbe, 0x66, 0xe5, 0xc5, 0x3d, 0x04, 0x42, 0x64, 0xbd,
  0x93, 0x25, 0x18, 0xbe, 0x4d, 0xeb, 0x04, 0xbd, 0xfc, 0x81, 0xa0, 0x3d,
  0x5f, 0xcd, 0x00, 0x3e, 0xf5, 0x53, 0xa0, 0x3d, 0x78, 0x66, 0x0c, 0xbe,
  0xe4, 0xf6, 0x0f, 0xbe, 0x4e, 0xb9, 0x3d, 0x3d, 0x1f, 0xd3, 0x60, 0x3d,
  0x24, 0xc5, 0x96, 0x3c, 0x30, 0xcf, 0xed, 0xbd, 0x0e, 0xc5, 0x09, 0x3e,
  0x18, 0x19, 0x34, 0xbe, 0xa4, 0x66, 0xc9, 0x3d, 0xa1, 0x6c, 0x14, 0x3e,
  0x75, 0x8e, 0xae, 0xbd, 0x6e, 0x02, 0x6b, 0xbd, 0x09, 0x64, 0x44, 0x3e,
  0xf1, 0x03, 0x09, 0x3e, 0x15, 0x46, 0x78, 0x3d, 0x3e, 0xf0, 0x52, 0x3d,
  0x96, 0x5f, 0xa2, 0xbd, 0x67, 0x0a, 0x15, 0xbe, 0x6f, 0xdc, 0x2b, 0xbe,
  0x7c, 0x2a, 0x90, 0x3d, 0xaa, 0xd2, 0x13, 0x3e, 0x34, 0x1b, 0x21, 0xbe,
  0xb1, 0xf7, 0xf2, 0x3d, 0xa7, 0x59, 0xe1, 0x3d, 0xd6, 0xfc, 0x1b, 0x3e,
  0x60, 0x07, 0x8c, 0xbd, 0xbf, 0x42, 0x06, 0xbb, 0x42, 0xb6, 0x95, 0xbd,
  0x97, 0xd2, 0xda, 0x3d, 0xbc, 0xfd, 0x4b, 0x3c, 0xda, 0x5d, 0xa0, 0xbe,
  0x7e, 0x19, 0xca, 0xbd, 0x3b, 0x73, 0x00, 0x3c, 0x0d, 0x7b, 0x60, 0xbd,
  0x41, 0x87, 0x19, 0xbe, 0x65, 0x15, 0xc3, 0xbd, 0x6a, 0xee, 0x00, 0x3e,
  0xa4, 0xeb, 0x2d, 0xbe, 0x97, 0x66, 0xab, 0x3d, 0x49, 0xaa, 0x95, 0xbd,
  0xfa, 0xfd, 0x27, 0x3c, 0x6d, 0x23, 0xb9, 0x3d, 0xc1, 0x4a, 0x59, 0xbd,
  0xe1, 0x2c, 0xbd, 0x3b, 0xd3, 0x99, 0x51, 0xbd, 0xe3, 0x64, 0x99, 0xbc,
  0xf5, 0x9c, 0xa3, 0x3b, 0x00, 0xbd, 0xd8, 0x3c, 0x2a, 0xa6, 0x42, 0x3d,
  0xb3, 0x4d, 0xaa, 0x3b, 0xd3, 0xa1, 0xef, 0xbc, 0x2c, 0x33, 0x5c, 0xbe,
  0xbc, 0x95, 0x23, 0xbe, 0x6b, 0x09, 0x70, 0x3d, 0x2a, 0x14, 0x47, 0xbe,
  0x93, 0xd1, 0x7c, 0xbd, 0x84, 0x10, 0x8d, 0xbd, 0xd3, 0xe4, 0xeb, 0x3c,
  0xf4, 0x5f, 0xe4, 0x3d, 0xa7, 0x7d, 0xb3, 0xbb, 0xc5, 0x6b, 0x98, 0x3d,
  0xcb, 0xf9, 0x43, 0xbe, 0xe7, 0xa6, 0xfc, 0xbd, 0xa4, 0x99, 0xdb, 0x3c,
  0x53, 0x00, 0x1c, 0x3e, 0xa9, 0x6d, 0x8d, 0xbd, 0x81, 0x28, 0xdd, 0x3d,
  0x02, 0x4a, 0xb3, 0xbd, 0x0e, 0x08, 0xce, 0x3d, 0xf5, 0x6d, 0xed, 0x3d,
  0x6a, 0x87, 0x03, 0x3e, 0xfe, 0xf6, 0x5d, 0xbe, 0xb8, 0xc7, 0xbe, 0xbd,
  0x02, 0xbe, 0xb3, 0x3d, 0x8c, 0xee, 0xa6, 0x3d, 0xd6, 0xbf, 0x06, 0x3d,
  0x17, 0x6b, 0xbb, 0xbc, 0xe9, 0xb2, 0xb0, 0xbd, 0xeb, 0x03, 0x35, 0xbd,
  0x35, 0x10, 0x2e, 0x3d, 0xd5, 0x3e, 0x15, 0x3e, 0x3b, 0x21, 0x88, 0x3d,
  0x01, 0x23, 0x89, 0xbd, 0xff, 0xb3, 0x1d, 0xbe, 0xca, 0x63, 0x17, 0x3d,
  0x13, 0x2f, 0x0e, 0xbe, 0xcf, 0xa8, 0x3d, 0xbe, 0x13, 0x69, 0x3a, 0xbe,
  0xc3, 0xa8, 0x89, 0x3d, 0x86, 0xec, 0xb8, 0xbd, 0xe9, 0xf1, 0x65, 0xbd,
  0xfe, 0x65, 0x19, 0xbe, 0x8f, 0x82, 0xd0, 0xbc, 0x84, 0x57, 0x56, 0xbe,
  0x56, 0xe5, 0x16, 0xbe, 0x72, 0x5a, 0xf1, 0x3b, 0xcc, 0x2b, 0xb1, 0x3c,
  0x05, 0x95, 0xdc, 0xbc, 0x63, 0x6c, 0x92, 0xbd, 0x31, 0x4e, 0x01, 0xbe,
  0x24, 0x6a, 0x14, 0xbe, 0x05, 0xbb, 0xd1, 0xbd, 0x96, 0xa1, 0x09, 0x3e,
  0x0a, 0x6d, 0x15, 0x3d, 0x8a, 0x25, 0xa0, 0x3c, 0xda, 0x7f, 0xf0, 0xbd,
  0x20, 0x8c, 0x0e, 0x3d, 0xcc, 0xfb, 0x08, 0xbe, 0x48, 0xd3, 0x3a, 0xbe,
  0x30, 0xec, 0x23, 0x3d, 0x5b, 0x14, 0x86, 0xbe, 0xfe, 0x4a, 0x30, 0x3c,
  0x4d, 0xb7, 0x10, 0xbe, 0xc5, 0xce, 0xbc, 0xbd, 0x19, 0x84, 0x0d, 0xbe,
  0x76, 0x4d, 0x46, 0x3d, 0xbe, 0x92, 0x96, 0xbd, 0x04, 0xd3, 0x66, 0xbd,
  0x59, 0xc3, 0x1a, 0xbe, 0xe4, 0x47, 0xcd, 0xbd, 0x4e, 0x9e, 0x1a, 0xbd,
  0x18, 0xfd, 0xf0, 0xbd, 0xbc, 0xd5, 0x0a, 0xbe, 0x7d, 0xbd, 0x63, 0xbd,
  0x43, 0x87, 0x46, 0x3c, 0xeb, 0xf3, 0xd6, 0xbd, 0x12, 0x74, 0xeb, 0xbd,
  0x32, 0x9d, 0x30, 0x3e, 0x3c, 0x60, 0xa6, 0x3d, 0x99, 0xce, 0xab, 0x3c,
  0x01, 0x9b, 0x14, 0xbc, 0xcb, 0x88, 0x5d, 0xbe, 0x8c, 0x87, 0x1b, 0xbd,
  0xc4, 0x1d, 0x22, 0x3d, 0x44, 0xfd, 0x88, 0x3d, 0x41, 0x89, 0x13, 0xbe,
  0xaa, 0xc1, 0x4c, 0xbd, 0x80, 0xf4, 0x69, 0xbd, 0xbd, 0xcb, 0xb0, 0xbd,
  0x18, 0x86, 0x0f, 0xbd, 0x0a, 0x4d, 0x72, 0x3d, 0xda, 0xce, 0xf3, 0xbd,
  0x52, 0x26, 0x36, 0xbd, 0x22, 0xe0, 0xb7, 0x3c, 0x58, 0x05, 0x19, 0xbd,
  0x6e, 0xbf, 0xcf, 0x3c, 0xf4, 0x59, 0xbe, 0xbd, 0x48, 0x02, 0x1a, 0xbe,
  0x3f, 0x5e, 0x79, 0x3c, 0x42, 0x0e, 0xa8, 0x3d, 0x90, 0x7e, 0xda, 0x3b,
  0x56, 0xf5, 0xdc, 0xbd, 0xa5, 0x47, 0x00, 0xbe, 0x88, 0x04, 0xc9, 0xbd,
  0xdc, 0x53, 0x13, 0xbe, 0x49, 0x2a, 0x86, 0x3d, 0x78, 0xdb, 0xcd, 0x3d,
  0x76, 0x73, 0x2e, 0xbe, 0x63, 0x65, 0x1b, 0xbd, 0x66, 0x54, 0x61, 0xbb,
  0x07, 0x60, 0x38, 0xbe, 0x56, 0x19, 0x31, 0xbd, 0xf1, 0x89, 0x16, 0xbe,
  0x8d, 0xbf, 0x33, 0xbe, 0x24, 0x29, 0xd6, 0x3d, 0xff, 0x76, 0x99, 0x3d,
  0x84, 0x7d, 0xbd, 0x3d, 0x69, 0xcb, 0x3d, 0xbe, 0x9e, 0x36, 0x83, 0xbd,
  0xc8, 0xff, 0x05, 0x3e, 0x1d, 0xd9, 0xdb, 0xbd, 0x7d, 0x1f, 0x9c, 0xbd,
  0xd4, 0x27, 0xd0, 0xbd, 0x63, 0x94, 0xab, 0xbd, 0x6a, 0xfa, 0x91, 0xbd,
  0x28, 0xaa, 0xef, 0x3d, 0x65, 0xc7, 0x66, 0xbd, 0xac, 0x74, 0x63, 0x3d,
  0x78, 0xe8, 0x28, 0xbe, 0x41, 0x75, 0xb0, 0xbc, 0x17, 0x1d, 0x50, 0xbd,
  0xa0, 0xa3, 0x24, 0x3d, 0x3d, 0xc7, 0x05, 0xbe, 0xca, 0xee, 0xf8, 0xbd,
  0xe5, 0x6a, 0x1f, 0xbe, 0xab, 0x54, 0x5c, 0x3e, 0xf4, 0x25, 0xe1, 0xbd,
  0x6a, 0xf3, 0x60, 0xbd, 0x12, 0x16, 0xa2, 0xbd, 0xdf, 0x01, 0x07, 0xbe,
  0x13, 0xca, 0x8b, 0xbd, 0x99, 0x6a, 0x32, 0x3d, 0x04, 0x1f, 0x0e, 0xbe,
  0x40, 0xdf, 0x18, 0xbe, 0x82, 0x3b, 0x60, 0xbd, 0x0a, 0xd9, 0x82, 0xbe,
  0xf8, 0x16, 0x26, 0xbe, 0x4d, 0x7e, 0x22, 0x3c, 0xfc, 0x87, 0x7a, 0x3c,
  0x72, 0x4d, 0x1f, 0xbe, 0xa7, 0xdf, 0xd7, 0xbc, 0x34, 0x0d, 0x07, 0xbe,
  0x56, 0xb7, 0xe9, 0xbd, 0xc2, 0x70, 0x8b, 0xbd, 0x97, 0x1c, 0x0f, 0x3d,
  0x76, 0x31, 0x4a, 0x3d, 0xa4, 0x42, 0x05, 0x3d, 0x15, 0xf8, 0x99, 0xbd,
  0x4b, 0x0a, 0x14, 0xbd, 0x09, 0xbe, 0xbf, 0x3d, 0xea, 0x75, 0x2d, 0xbd,
  0xc4, 0xf3, 0x93, 0xbd, 0xdc, 0x3c, 0xe9, 0x3d, 0x4a, 0x0a, 0xd4, 0x39,
  0xd7, 0xde, 0xcf, 0xbd, 0xbb, 0xef, 0x57, 0xbc, 0x5a, 0xd8, 0x4e, 0xbe,
  0x1f, 0x7c, 0xa5, 0xbd, 0xa1, 0x2c, 0x06, 0x3e, 0x93, 0xa2, 0x31, 0xbe,
  0x6f, 0x90, 0x59, 0xbe, 0x2f, 0xc4, 0x21, 0xbe, 0x0a, 0x3c, 0x5b, 0xbd,
  0xa7, 0x7e, 0x36, 0xbd, 0x52, 0x22, 0xd7, 0xbd, 0xd1, 0xf4, 0xdd, 0xbc,
  0xce, 0xd6, 0x0e, 0xbe, 0x5a, 0xdf, 0x0c, 0xbe, 0x12, 0x0c, 0xda, 0x3d,
  0xb9, 0x0f, 0x52, 0xbe, 0x57, 0x08, 0x60, 0x3d, 0x25, 0x59, 0xc5, 0xbd,
  0x7e, 0xa7, 0x9b, 0xbd, 0x88, 0x09, 0x2f, 0xbe, 0xfe, 0x7d, 0x03, 0xbb,
  0x44, 0xc5, 0x50, 0xbc, 0x65, 0xdc, 0xbb, 0x3b, 0x6e, 0xd2, 0xb2, 0x3c,
  0x44, 0x8f, 0x61, 0xbe, 0xc8, 0xf9, 0x46, 0xbb, 0x73, 0xfa, 0x84, 0xbe,
  0xb5, 0x4b, 0x00, 0xbe, 0xfe, 0xcd, 0xc8, 0xbd, 0x5a, 0x4f, 0xbe, 0xbe,
  0xaa, 0xe5, 0xb6, 0xbd, 0xc5, 0xda, 0x9e, 0xbd, 0x4e, 0x46, 0xb3, 0x3d,
  0x9d, 0x70, 0x8b, 0x3c, 0xa5, 0x5f, 0x02, 0xbd, 0x2e, 0x42, 0x05, 0xbd,
  0x38, 0xd0, 0xbe, 0x3d, 0x09, 0x82, 0x98, 0xb9, 0xcc, 0x10, 0xed, 0xbd,
  0x26, 0x10, 0x29, 0xbd, 0xdb, 0x0a, 0xde, 0xbd, 0x84, 0xd6, 0xe4, 0xbd,
  0xe1, 0x0b, 0x4d, 0xbe, 0x41, 0xef, 0x4d, 0xbd, 0x04, 0x4e, 0xf0, 0x3c,
  0x0a, 0xe9, 0x90, 0x3c, 0xac, 0x91, 0x80, 0x3d, 0x38, 0x33, 0x2b, 0xbd,
  0xef, 0x3d, 0x07, 0x3c, 0x3d, 0x6e, 0x5b, 0x3e, 0x7c, 0x54, 0x6c, 0xbe,
  0x48, 0x34, 0xc1, 0x3d, 0x01, 0xdf, 0x6d, 0xbc, 0x04, 0xdb, 0x38, 0xbe,
  0x9a, 0xda, 0x17, 0xbd, 0x06, 0xef, 0x05, 0xbe, 0xc7, 0xc2, 0x17, 0x3d,
  0x9f, 0x1f, 0xae, 0xbb, 0xf2, 0x53, 0xab, 0xbe, 0xc4, 0x69, 0x08, 0xbe,
  0x9f, 0x17, 0xd7, 0xbd, 0x77, 0x51, 0x4c, 0x3d, 0x63, 0x18, 0x2f, 0x3e,
  0x04, 0x5e, 0x1a, 0xbe, 0xe4, 0xbc, 0x15, 0x3e, 0x65, 0x7c, 0x1c, 0x3d,
  0x3c, 0xa6, 0xfa, 0xbb, 0x47, 0xdc, 0x3f, 0x3e, 0x56, 0xc1, 0x79, 0xbe,
  0x56, 0x60, 0xbd, 0xbd, 0xd9, 0x51, 0xd9, 0xbd, 0x0b, 0x04, 0x6a, 0xbd,
  0x54, 0x6c, 0x0c, 0xbe, 0x59, 0x58, 0x58, 0x3e, 0x51, 0x59, 0x2e, 0x3d,
  0x4f, 0x34, 0xd1, 0x3d, 0x98, 0xfe, 0x54, 0x3e, 0xa5, 0x5f, 0x72, 0x3d,
  0x9f, 0x75, 0xd3, 0xbd, 0x09, 0xf2, 0x80, 0xbd, 0x19, 0x08, 0x8d, 0x3e,
  0x50, 0x32, 0x1b, 0xbe, 0x64, 0xf6, 0x4a, 0xbe, 0xe1, 0x02, 0x17, 0x3d,
  0x4b, 0xa5, 0x58, 0x3d, 0x76, 0xa3, 0x0e, 0x3e, 0xb2, 0x47, 0x6a, 0xbe,
  0x5f, 0x5a, 0xec, 0x3d, 0x06, 0xde, 0x28, 0xbe, 0x7e, 0x0e, 0xa7, 0x3b,
  0x1b, 0x9c, 0xa7, 0xbc, 0x76, 0xe5, 0xa7, 0xbc, 0x67, 0x00, 0x76, 0xbe,
  0x5e, 0xb0, 0x68, 0x3c, 0x76, 0xd5, 0x06, 0x3e, 0xc9, 0xd4, 0x22, 0xbe,
  0x0a, 0x8f, 0x84, 0x3e, 0xa7, 0x7e, 0x88, 0xbd, 0xe7, 0x9e, 0x13, 0xbe,
  0xd0, 0x7c, 0x6f, 0x3d, 0xaf, 0x16, 0xb3, 0x3d, 0x2c, 0x1c, 0xc7, 0x3d,
  0xc7, 0xa4, 0xae, 0x3d, 0x36, 0xbf, 0x24, 0x3d, 0xe0, 0x2f, 0xf7, 0xbd,
  0x88, 0x4a, 0xaf, 0xbe, 0x3a, 0x94, 0xe2, 0x3c, 0xf7, 0x40, 0x73, 0x3c,
  0xb0, 0x32, 0x7c, 0xbe, 0xb6, 0x85, 0xcb, 0x3c, 0x6b, 0x87, 0xcf, 0x3d,
  0x15, 0xb5, 0x41, 0xbe, 0xb5, 0xf4, 0x98, 0x3e, 0x47, 0x00, 0x77, 0xbe,
  0xd4, 0x4a, 0xa8, 0xbd, 0x9b, 0x0a, 0xd1, 0xbd, 0xe6, 0xf8, 0x29, 0x3d,
  0x72, 0x49, 0xec, 0xbd, 0x88, 0xef, 0x84, 0xbb, 0x10, 0x15, 0x12, 0xbe,
  0x81, 0x0f, 0x88, 0xbe, 0x4e, 0x64, 0x44, 0xbe, 0x67, 0xe2, 0x3c, 0x3e,
  0xfc, 0x92, 0x71, 0xbe, 0x61, 0x2b, 0x22, 0xbe, 0xb1, 0x15, 0xb2, 0x3d,
  0xe4, 0xcb, 0x60, 0x3e, 0xa9, 0x76, 0xe7, 0xbe, 0x2f, 0x6d, 0x21, 0x3e,
  0x51, 0xd2, 0xab, 0xbe, 0xcd, 0xc3, 0x74, 0x3d, 0x9d, 0x91, 0xab, 0xbd,
  0xe3, 0xc5, 0x7d, 0x3c, 0xf0, 0x39, 0x6d, 0x3d, 0x25, 0xd3, 0xa3, 0xbd,
  0x12, 0xe7, 0x1c, 0xbe, 0xf0, 0xc1, 0x04, 0xbf, 0x5d, 0x62, 0x88, 0xbe,
  0x76, 0x09, 0xc1, 0x3e, 0xba, 0x31, 0x68, 0xbe, 0x77, 0x6c, 0xee, 0x3d,
  0x30, 0x46, 0x91, 0x3d, 0x0d, 0x1e, 0x90, 0xbd, 0x9f, 0x7e, 0x74, 0xbe,
  0x36, 0xd3, 0x67, 0xbe, 0xd6, 0xe2, 0x5f, 0x3d, 0xa6, 0x77, 0x4e, 0x3e,
  0x8b, 0x57, 0x60, 0x3e, 0x8b, 0xb2, 0x5f, 0x3d, 0x7d, 0x4c, 0x09, 0xbe,
  0xbc, 0x3d, 0x32, 0x3d, 0xad, 0x17, 0x35, 0xbe, 0xe2, 0xe4, 0xde, 0xbd,
  0x9b, 0x19, 0xe5, 0x3d, 0xb8, 0xe9, 0xc7, 0x3e, 0x3d, 0x06, 0xbc, 0xbe,
  0x26, 0x8e, 0x86, 0x3d, 0x77, 0x0d, 0x04, 0x3e, 0x9c, 0xf1, 0xb2, 0xbd,
  0xdf, 0xc9, 0x88, 0xbe, 0xc5, 0xa6, 0x89, 0xbd, 0x85, 0x13, 0xa5, 0xbd,
  0x83, 0xf5, 0xcf, 0x3b, 0x3c, 0xc4, 0x43, 0x3e, 0x26, 0x93, 0x71, 0xbc,
  0x69, 0x0e, 0xd4, 0xbd, 0xed, 0x27, 0x14, 0xbe, 0x24, 0xc2, 0xbc, 0xbe,
  0x37, 0xd2, 0xe2, 0xbd, 0x91, 0x3a, 0x35, 0x3e, 0x8f, 0xb0, 0xad, 0x3e,
  0xb7, 0x66, 0x83, 0xbe, 0x5e, 0xa3, 0x89, 0x3e, 0x50, 0x3b, 0xb5, 0xbc,
  0x95, 0x2e, 0xc4, 0xbd, 0x81, 0x4f, 0xa3, 0x3c, 0x3a, 0x55, 0xd2, 0xbd,
  0x3d, 0x69, 0x1b, 0xbe, 0x04, 0x0c, 0x81, 0x3e, 0x00, 0x4c, 0x20, 0xbc,
  0xb1, 0xea, 0x70, 0x3d, 0xd0, 0x8b, 0x4d, 0x3e, 0xe9, 0x1d, 0x80, 0xbe,
  0xa6, 0x67, 0x01, 0xbf, 0x4b, 0x72, 0x2b, 0xbe, 0xa6, 0xb6, 0x48, 0x3e,
  0x86, 0x13, 0x02, 0x3e, 0xd0, 0x9a, 0x46, 0x3b, 0x29, 0x88, 0x78, 0x3e,
  0xe0, 0x1d, 0x03, 0xbd, 0xb8, 0x5a, 0x55, 0xbe, 0xfe, 0x4e, 0x32, 0x3c,
  0x1c, 0x36, 0x04, 0xbe, 0x68, 0xfd, 0xa3, 0xbd, 0xf0, 0x53, 0x7f, 0x3e,
  0x45, 0x02, 0x9a, 0xbc, 0xb5, 0x34, 0x8f, 0xbc, 0x12, 0xfa, 0x0f, 0x3e,
  0xae, 0x67, 0xb2, 0xbe, 0x7c, 0x5f, 0x95, 0xbe, 0x1a, 0xfb, 0x21, 0xbe,
  0x24, 0xd3, 0x89, 0x3e, 0x4a, 0x06, 0x16, 0x3e, 0x1a, 0xd7, 0x89, 0xbe,
  0xda, 0xef, 0x43, 0x3e, 0x74, 0x94, 0x1f, 0xbe, 0x18, 0x10, 0xea, 0xbd,
  0xe0, 0x6f, 0x53, 0xbd, 0x15, 0x01, 0x3a, 0xbe, 0xfa, 0xb8, 0xce, 0xbc,
  0x3e, 0xe5, 0x88, 0x3e, 0xda, 0x3e, 0xb7, 0x3d, 0xde, 0xb7, 0xd5, 0x3c,
  0xa0, 0xf1, 0x80, 0x3e, 0xc4, 0xd2, 0xf9, 0xbe, 0x8d, 0x73, 0xa3, 0xbe,
  0x09, 0x2f, 0x1f, 0xbe, 0x4a, 0xd3, 0x86, 0x3e, 0x67, 0xd0, 0x55, 0xbe,
  0xb2, 0x75, 0x65, 0xbd, 0x2f, 0xab, 0x9b, 0x3e, 0x4c, 0x45, 0x13, 0xbe,
  0x66, 0x0a, 0x95, 0x3d, 0x07, 0xbb, 0x60, 0x3c, 0x65, 0x33, 0xd8, 0xbd,
  0x7b, 0x63, 0x2c, 0xbe, 0x32, 0x3e, 0xd4, 0x3b, 0xc0, 0x26, 0x7e, 0x3d,
  0x2c, 0xa1, 0x93, 0xbd, 0xdb, 0x7b, 0x9e, 0x3e, 0x8d, 0x62, 0xca, 0xbe,
  0x1b, 0x7e, 0xf7, 0x3d, 0xaf, 0xa2, 0xc2, 0xbc, 0x49, 0x59, 0x9a, 0x3e,
  0x1a, 0x68, 0x0a, 0xbf, 0x8d, 0x4d, 0xb2, 0xbc, 0x2a, 0x35, 0x8f, 0x3e,
  0x47, 0x75, 0xb6, 0xbe, 0xc3, 0xc2, 0x37, 0x3a, 0xeb, 0xb6, 0xb9, 0xbd,
  0x5c, 0xa0, 0xa7, 0xbc, 0x48, 0x91, 0x42, 0xbe, 0x7c, 0x79, 0x22, 0x3e,
  0x15, 0x04, 0x3a, 0x3d, 0x45, 0x3b, 0x7b, 0xbd, 0xe8, 0x17, 0x89, 0x3c,
  0x3d, 0x70, 0x87, 0xbe, 0x13, 0x50, 0xbc, 0x3e, 0xc3, 0xa3, 0xfc, 0xbc,
  0xf1, 0x73, 0x52, 0xbc, 0x7b, 0x06, 0x7c, 0xbe, 0x43, 0x2c, 0x23, 0xbe,
  0x2f, 0x48, 0x10, 0xbe, 0x48, 0x81, 0x40, 0xbe, 0xa0, 0x5f, 0xcb, 0xbd,
  0x02, 0x7d, 0x8f, 0x3d, 0x09, 0xe4, 0x27, 0xbe, 0xfb, 0x4f, 0x19, 0xbe,
  0xbc, 0xf6, 0x21, 0x3f, 0x07, 0x96, 0x3c, 0x3c, 0x74, 0xcb, 0x15, 0xbe,
  0xfd, 0xac, 0x0b, 0x3e, 0x9c, 0x74, 0x3b, 0xbe, 0xdd, 0x14, 0x38, 0x3e,
  0x5d, 0xe8, 0x32, 0xbe, 0x0c, 0x60, 0x4e, 0x3d, 0x0d, 0x0e, 0x0f, 0x3e,
  0x57, 0x56, 0xec, 0xbe, 0xad, 0x1e, 0x33, 0x3d, 0xc5, 0x1e, 0x40, 0x3d,
  0xf0, 0x4b, 0x93, 0xbe, 0x75, 0xfc, 0x85, 0xbd, 0x90, 0xe5, 0x53, 0xbe,
  0xeb, 0xab, 0xc0, 0xbe, 0xbf, 0xa3, 0x2a, 0x3d, 0x8e, 0x17, 0xa8, 0x3b,
  0x37, 0x32, 0x93, 0x3d, 0x49, 0x06, 0x4f, 0x3d, 0xc4, 0xc7, 0x6a, 0xb9,
  0xd2, 0x8f, 0xed, 0x3c, 0xbe, 0xc9, 0x4d, 0xbe, 0x15, 0xf7, 0x9e, 0xbd,
  0x80, 0x1f, 0x09, 0x3d, 0x2a, 0x52, 0x73, 0xbe, 0x47, 0x9a, 0x99, 0xbd,
  0x7f, 0xe7, 0x62, 0xbc, 0xa9, 0x90, 0xfc, 0xbd, 0x13, 0xaf, 0x91, 0xbc,
  0x61, 0xe5, 0x66, 0xbe, 0x68, 0x73, 0x09, 0xbf, 0xb6, 0xf5, 0x66, 0xbe,
  0x17, 0xf1, 0x95, 0xbd, 0x8a, 0xc0, 0xe4, 0xbd, 0xa2, 0x17, 0xd7, 0xbc,
  0xa1, 0x2a, 0x00, 0x3e, 0xeb, 0xc4, 0x37, 0xbd, 0x54, 0xb2, 0x8d, 0xbd,
  0x42, 0xe8, 0xfd, 0xbd, 0x0a, 0xbe, 0x68, 0x3e, 0x13, 0xc8, 0x69, 0xbe,
  0xee, 0x7d, 0xd4, 0xbd, 0xf4, 0x8d, 0x54, 0xbc, 0xcd, 0x9d, 0x89, 0xbe,
  0xbb, 0x78, 0xed, 0x3d, 0x19, 0x50, 0x3d, 0xbe, 0x70, 0xe7, 0x06, 0xbe,
  0x9b, 0xde, 0xf1, 0x3c, 0x2c, 0x52, 0xa8, 0xbd, 0x44, 0xea, 0x93, 0xbd,
  0x10, 0x4e, 0x3f, 0x3a, 0xc3, 0xad, 0x98, 0x3e, 0x7d, 0xd0, 0xd8, 0xbc,
  0xf2, 0xa0, 0xc9, 0xbd, 0x79, 0xe7, 0x01, 0x3e, 0x2d, 0x27, 0x07, 0x3e,
  0x43, 0x17, 0x87, 0xbe, 0x88, 0x2e, 0x81, 0xbb, 0x52, 0x26, 0x83, 0x3d,
  0x9a, 0x24, 0x1b, 0xbe, 0x40, 0x25, 0x90, 0x3d, 0xf3, 0x99, 0x9c, 0xbd,
  0xa0, 0x42, 0xe2, 0xbe, 0x7b, 0x88, 0x41, 0xbe, 0xa4, 0x03, 0x79, 0xbc,
  0x19, 0xa6, 0xa7, 0x3d, 0x28, 0x3a, 0x63, 0x3e, 0x41, 0xe7, 0x6b, 0xbd,
  0xce, 0xa1, 0x14, 0xbd, 0x8d, 0xf4, 0x8f, 0xbd, 0xa5, 0xbd, 0xa9, 0xbd,
  0x79, 0x99, 0x78, 0x3e, 0xdb, 0x8c, 0x6f, 0xbe, 0x35, 0xbd, 0xfb, 0x3d,
  0xeb, 0xc7, 0x98, 0x3d, 0xd7, 0x12, 0xa7, 0xbe, 0x67, 0x18, 0x03, 0x3c,
  0xa1, 0x56, 0x78, 0xbe, 0xb0, 0x73, 0xda, 0xbc, 0x9f, 0xa3, 0x17, 0xbd,
  0x0d, 0xff, 0x30, 0x3e, 0xab, 0xd1, 0x2e, 0x3e, 0xd9, 0xb1, 0x19, 0xbd,
  0x5b, 0x3d, 0x2d, 0xbe, 0xf1, 0x30, 0x96, 0x3d, 0x38, 0xc0, 0x18, 0x3d,
  0x4c, 0x96, 0x86, 0x39, 0x2c, 0x31, 0x52, 0x3e, 0xa9, 0x97, 0x5f, 0xbe,
  0xd5, 0x33, 0x0f, 0xbd, 0x2f, 0xeb, 0xc1, 0x3b, 0x9e, 0x32, 0x31, 0x3d,
  0x44, 0xd7, 0x0e, 0xbd, 0xe0, 0x6c, 0x83, 0xbe, 0xf6, 0x0c, 0x28, 0x3c,
  0x1a, 0xda, 0x86, 0xbe, 0xd3, 0x7b, 0x0d, 0x3e, 0x76, 0xbf, 0xc5, 0x3d,
  0x8c, 0x8e, 0xa9, 0xbc, 0xad, 0x16, 0x3d, 0xbd, 0xb3, 0x10, 0x37, 0x3d,
  0x6c, 0x92, 0x4b, 0xbb, 0xbc, 0xaa, 0xbc, 0x3c, 0x6b, 0x40, 0x0a, 0xbe,
  0xb0, 0x99, 0x42, 0xbe, 0xc6, 0xa0, 0xfc, 0x3c, 0xcd, 0x66, 0x0a, 0x3d,
  0x11, 0x39, 0x49, 0x3e, 0x11, 0x6a, 0x85, 0x3d, 0x9b, 0xc8, 0x9d, 0x3d,
  0xac, 0x56, 0xe5, 0xbc, 0xcc, 0x50, 0x20, 0xbd, 0xf7, 0x5c, 0x90, 0x3d,
  0x6f, 0x2e, 0x17, 0x3a, 0xa4, 0xb9, 0x06, 0xbe, 0x68, 0xa5, 0x81, 0xbd,
  0x16, 0x10, 0x56, 0xbd, 0x07, 0x07, 0x9c, 0x3d, 0xb2, 0x1e, 0x96, 0x3d,
  0xa0, 0x8d, 0x98, 0x3c, 0xe5, 0xc6, 0xa9, 0xbe, 0x75, 0x1c, 0xeb, 0x3d,
  0x13, 0x89, 0xd4, 0x3c, 0xe3, 0x13, 0xee, 0x3c, 0x08, 0x34, 0x92, 0xbd,
  0x36, 0x7b, 0x80, 0xbd, 0x7b, 0xc7, 0x60, 0x3d, 0x28, 0xd4, 0xc8, 0xbd,
  0xf0, 0xd1, 0x97, 0x3d, 0x77, 0xf2, 0xc6, 0x3d, 0x81, 0xb3, 0x1d, 0x3e,
  0x10, 0x6c, 0xc2, 0xbd, 0xf2, 0x98, 0x89, 0x3d, 0xfb, 0xfa, 0xb9, 0x3d,
  0xd9, 0x71, 0x14, 0xbe, 0xe2, 0x59, 0x16, 0xbd, 0x8d, 0x6a, 0x91, 0xbe,
  0xc4, 0x21, 0xd3, 0x3c, 0x09, 0xa2, 0x39, 0xbe, 0xfa, 0xf7, 0x08, 0xbe,
  0xf6, 0x0a, 0xdb, 0xbd, 0x63, 0xdd, 0xf8, 0x3d, 0x4d, 0x03, 0xe0, 0x3d,
  0xbe, 0xa3, 0x3e, 0xbe, 0xc8, 0xbc, 0x9f, 0x3c, 0xb3, 0x7c, 0xd2, 0x3d,
  0x00, 0x47, 0xef, 0xbc, 0xa1, 0x48, 0x04, 0xbe, 0xa6, 0x0a, 0x02, 0xbd,
  0x68, 0x51, 0xda, 0x3c, 0xaf, 0x3f, 0xf8, 0xbd, 0xf8, 0xdb, 0x7c, 0xbd,
  0xc3, 0x57, 0x8c, 0xbe, 0x2e, 0xb3, 0x07, 0x3e, 0x77, 0x05, 0x9f, 0xbe,
  0xde, 0x12, 0xc5, 0x3d, 0xdc, 0xb7, 0x8d, 0xbe, 0x16, 0x3d, 0xe8, 0x3d,
  0x4e, 0x88, 0xa6, 0x3c, 0x0e, 0x75, 0x7f, 0xbe, 0x8d, 0xdf, 0xa0, 0x3d,
  0x86, 0x1e, 0x81, 0x3e, 0xa9, 0xbd, 0xfc, 0xbc, 0x75, 0xf0, 0xea, 0xbd,
  0x9f, 0x7c, 0x24, 0x3c, 0xee, 0x04, 0xaa, 0x3d, 0xa3, 0xa3, 0x99, 0xbe,
  0x09, 0xc3, 0xaa, 0xbe, 0x3c, 0x73, 0x66, 0xbe, 0x4b, 0xde, 0x36, 0x3e,
  0x9c, 0xc0, 0x8d, 0xbe, 0xe1, 0xdf, 0x29, 0x3e, 0x47, 0x96, 0x28, 0xbe,
  0x50, 0x84, 0x7f, 0x3c, 0x3d, 0xf6, 0x7b, 0x3d, 0xc6, 0xe4, 0x21, 0xbe,
  0x17, 0x0c, 0x3c, 0x3e, 0x97, 0x58, 0x4a, 0x3e, 0x6a, 0x02, 0xae, 0xbe,
  0xe0, 0x1e, 0xb6, 0xbd, 0x7f, 0xa9, 0x95, 0xbe, 0x92, 0x60, 0x41, 0x3e,
  0x4c, 0xaa, 0xbe, 0xbd, 0x09, 0x38, 0x88, 0xbe, 0x6c, 0xd7, 0xb8, 0xbe,
  0x98, 0xc6, 0xa9, 0x3d, 0x4e, 0x8f, 0x47, 0xbf, 0xc1, 0x55, 0xf6, 0xbd,
  0xfc, 0x78, 0x26, 0xbe, 0x44, 0x17, 0xdb, 0x3c, 0x28, 0xc4, 0x4b, 0xba,
  0xd8, 0x4d, 0x73, 0xbd, 0xae, 0x38, 0xe9, 0x3c, 0x85, 0x75, 0x3b, 0x3e,
  0x06, 0x04, 0x18, 0xbf, 0x6f, 0xa5, 0xe3, 0xbd, 0x67, 0x59, 0xba, 0xbe,
  0xe6, 0x62, 0xd1, 0x3d, 0x80, 0x43, 0x8d, 0xbd, 0x7d, 0xba, 0x8c, 0xbe,
  0xc1, 0xca, 0xcf, 0xbc, 0x12, 0xc2, 0xc9, 0xbd, 0xe3, 0x28, 0x0a, 0xbf,
  0xa6, 0x3f, 0xf3, 0xbd, 0x84, 0xd1, 0xce, 0xbd, 0x86, 0x88, 0x34, 0x3e,
  0xce, 0x48, 0x48, 0x3d, 0xa9, 0x91, 0xbf, 0xbd, 0xe8, 0x6a, 0x5d, 0x3e,
  0x38, 0xee, 0x13, 0x3e, 0x2a, 0xc4, 0xb0, 0xbe, 0xaf, 0x66, 0xd9, 0xbd,
  0x96, 0xde, 0xd3, 0xbe, 0xcd, 0xe7, 0xa9, 0x3c, 0xc1, 0x44, 0x30, 0xbe,
  0xf2, 0xe3, 0x7a, 0xbf, 0xe8, 0xfe, 0xc5, 0xbd, 0x8b, 0x3c, 0xce, 0xbe,
  0xfa, 0xf8, 0x51, 0xbf, 0xb8, 0xdd, 0x5c, 0x3d, 0x89, 0x13, 0x42, 0xbe,
  0xbe, 0xfb, 0x7d, 0x3e, 0x0a, 0x36, 0x9a, 0x3c, 0x48, 0xc7, 0x57, 0xbd,
  0x55, 0xb9, 0x79, 0x3d, 0xf4, 0xac, 0x04, 0x3e, 0x2c, 0x3d, 0xb0, 0xbe,
  0x12, 0xc2, 0x28, 0xbe, 0xe0, 0x58, 0x18, 0xbe, 0xcf, 0xe1, 0xa4, 0xbd,
  0x00, 0x2d, 0x9f, 0xbc, 0x70, 0x05, 0xae, 0xbc, 0xe0, 0x2f, 0x4c, 0x3d,
  0x96, 0x9a, 0x09, 0x3c, 0xa5, 0x8a, 0x5e, 0xbe, 0xa1, 0xa8, 0x55, 0xbd,
  0x17, 0xef, 0xcc, 0x3d, 0xce, 0x29, 0xef, 0x3d, 0x7b, 0x86, 0x50, 0x3c,
  0xea, 0x37, 0x38, 0xbc, 0x77, 0x8f, 0x10, 0x3c, 0xd4, 0xe6, 0x98, 0x3d,
  0xe7, 0x21, 0x9f, 0xbd, 0xe4, 0xe3, 0x02, 0xbe, 0xda, 0x75, 0xe9, 0xbd,
  0xe2, 0xfe, 0xac, 0xbd, 0x89, 0x9e, 0x07, 0x3d, 0x38, 0x41, 0x4b, 0x3c,
  0x87, 0x7c, 0x6e, 0x3d, 0x75, 0xcd, 0x12, 0xbe, 0x5b, 0x15, 0x70, 0xbe,
  0x57, 0x06, 0x7e, 0xbd, 0x37, 0x3c, 0xac, 0xbd, 0x2b, 0x2b, 0xef, 0x3d,
  0x19, 0x03, 0xfd, 0xbd, 0xc2, 0x12, 0x37, 0x3d, 0xc9, 0x45, 0x15, 0x3e,
  0xcf, 0xc3, 0xd5, 0xbd, 0xcb, 0x50, 0x24, 0xbe, 0x8d, 0x6b, 0xf9, 0x3d,
  0x7a, 0xf0, 0x77, 0xbe, 0x7e, 0x66, 0x08, 0xbe, 0xdf, 0xd0, 0x0e, 0xbd,
  0xae, 0xae, 0x22, 0x3e, 0x1a, 0xfe, 0xca, 0x3d, 0x2d, 0x6d, 0xac, 0x3d,
  0x4f, 0x33, 0x85, 0xbd, 0x1a, 0x2f, 0x48, 0xbc, 0xba, 0x87, 0x05, 0xbe,
  0x93, 0x2c, 0x98, 0xbd, 0x6f, 0xc9, 0x18, 0xbe, 0xd2, 0xba, 0x0c, 0xbe,
  0xc4, 0x28, 0x53, 0x3d, 0xc9, 0x97, 0xca, 0xbd, 0xd5, 0xa0, 0x82, 0x3d,
  0xe7, 0xaa, 0xf5, 0x3d, 0x52, 0xe3, 0x30, 0xbe, 0xff, 0xcd, 0x24, 0x3d,
  0xc9, 0x24, 0x91, 0x3d, 0xd9, 0xb0, 0xaf, 0x3b, 0xba, 0x61, 0xec, 0xbc,
  0xfc, 0xc0, 0x10, 0xbe, 0x7b, 0xe2, 0x2c, 0xbe, 0x09, 0xbd, 0x2d, 0xbe,
  0x8a, 0x38, 0x60, 0x3c, 0x32, 0x81, 0x72, 0x3c, 0x2e, 0x72, 0xe2, 0x3c,
  0x00, 0x34, 0xa6, 0x3d, 0xe6, 0xb3, 0x8f, 0x3d, 0x5c, 0xb6, 0x26, 0x3d,
  0xd0, 0xf8, 0x6a, 0xbe, 0x65, 0x55, 0xc0, 0x3b, 0x4c, 0x1d, 0x27, 0xbc,
  0xfd, 0x09, 0x8f, 0x3b, 0xed, 0x12, 0x2b, 0xbe, 0xc1, 0x16, 0x2f, 0xbe,
  0x12, 0x34, 0x3c, 0xbe, 0x06, 0x75, 0x3a, 0xbe, 0x7a, 0x62, 0x6e, 0xbe,
  0xd8, 0xc3, 0x06, 0xbe, 0xab, 0x67, 0x1b, 0xbe, 0x3d, 0xdd, 0xfc, 0xbd,
  0x4f, 0x21, 0x13, 0xbe, 0x9d, 0x31, 0x9c, 0x3d, 0x31, 0x2e, 0x03, 0x3e,
  0x46, 0xfe, 0x9a, 0xbd, 0x34, 0x5a, 0x67, 0xbe, 0xa1, 0x8e, 0x4f, 0xbe,
  0xd1, 0xfd, 0xed, 0xbd, 0x19, 0x71, 0x0d, 0xbe, 0x79, 0xf9, 0x07, 0x3c,
  0xb5, 0xc8, 0x10, 0x3e, 0xfc, 0x8b, 0x21, 0xbe, 0x56, 0x57, 0x31, 0xbe,
  0x54, 0x9b, 0x09, 0xbe, 0x5a, 0xe8, 0x29, 0xbe, 0xa4, 0x3f, 0x88, 0x3c,
  0x91, 0xa1, 0xa3, 0x3d, 0xbd, 0x58, 0x12, 0x3d, 0xc9, 0x0d, 0x91, 0x3b,
  0xd2, 0xf6, 0xe2, 0x3d, 0x21, 0x33, 0x0a, 0xbe, 0x3b, 0x53, 0x81, 0xbc,
  0xf9, 0xc8, 0x18, 0xbe, 0x35, 0xe5, 0x2a, 0xbd, 0xe3, 0x39, 0x8e, 0xbd,
  0x1c, 0xbf, 0x3f, 0x3d, 0x45, 0x30, 0xad, 0x3d, 0x23, 0x2d, 0xc1, 0x3d,
  0x1b, 0x59, 0x4f, 0xbd, 0x0f, 0xbe, 0x79, 0xbe, 0x7c, 0xa4, 0xd8, 0x3d,
  0xdf, 0x70, 0x99, 0x3d, 0x64, 0x3a, 0xda, 0xbb, 0xb9, 0x8c, 0x69, 0xbe,
  0xba, 0xac, 0x29, 0xbe, 0x9e, 0xf7, 0xc3, 0xbd, 0xca, 0x5f, 0xd5, 0xbc,
  0xee, 0x6b, 0x54, 0x3d, 0xfe, 0x29, 0x1f, 0xbe, 0x89, 0x6b, 0x91, 0x3c,
  0xc0, 0xe5, 0x98, 0x3d, 0x87, 0x9f, 0xe6, 0x3d, 0x07, 0xfd, 0xa1, 0x3d,
  0x93, 0x38, 0x35, 0xbe, 0x9b, 0x38, 0x7a, 0xbd, 0x6a, 0xc7, 0x0b, 0xbe,
  0x7f, 0x01, 0xbf, 0x3d, 0xbf, 0xf8, 0x4c, 0xbe, 0xdd, 0x8c, 0xa4, 0xbc,
  0xaf, 0x27, 0xf3, 0xbd, 0x4b, 0xff, 0x91, 0xbd, 0x5f, 0x9f, 0x00, 0x3e,
  0x04, 0x9e, 0x81, 0x3d, 0x9e, 0x5d, 0xb5, 0xbd, 0x54, 0x45, 0x01, 0xbc,
  0x05, 0x5c, 0x8c, 0x3d, 0xae, 0x48, 0x54, 0xbe, 0xff, 0xb6, 0x8f, 0x3d,
  0xf8, 0x9c, 0xcd, 0xbd, 0x6b, 0x71, 0x3b, 0x3d, 0xd5, 0x30, 0x9e, 0x3d,
  0xa4, 0x11, 0x59, 0xbe, 0x18, 0x24, 0x0b, 0xbd, 0xbc, 0x04, 0xf7, 0xbd,
  0x61, 0xdd, 0xa7, 0x3d, 0xb3, 0x18, 0x55, 0x3d, 0xbc, 0xb3, 0x27, 0xbe,
  0x02, 0x46, 0x1e, 0xbe, 0x18, 0xb4, 0x28, 0xbe, 0x4b, 0x4f, 0xdc, 0xbd,
  0x3f, 0x86, 0xd9, 0xbd, 0x4f, 0x79, 0xaf, 0x3c, 0xda, 0x8e, 0x8c, 0x3b,
  0x67, 0x91, 0x09, 0x3d, 0x1d, 0x58, 0xc5, 0x3c, 0x30, 0x2d, 0x4f, 0x3d,
  0x53, 0xa2, 0x99, 0x3d, 0x9f, 0x08, 0xf5, 0xbb, 0x45, 0xd3, 0xf5, 0x3d,
  0x3b, 0xc1, 0x69, 0x3c, 0xcb, 0x45, 0x84, 0x3d, 0xe5, 0xe1, 0x46, 0xbe,
  0x42, 0xdd, 0x98, 0xbd, 0xb8, 0xf5, 0xe1, 0x3c, 0x51, 0x1b, 0xd0, 0xbd,
  0x9e, 0x5d, 0xce, 0x3d, 0xb9, 0xc8, 0xbe, 0x3d, 0x5c, 0xe4, 0xbb, 0x3d,
  0xec, 0xfa, 0x31, 0xbe, 0xad, 0x20, 0x87, 0xbd, 0x04, 0x01, 0xab, 0xbc,
  0x33, 0xaa, 0x03, 0xbe, 0x3c, 0x6f, 0xd5, 0xbd, 0xcd, 0x98, 0x8a, 0xbd,
  0x26, 0x0a, 0x9f, 0xbd, 0x58, 0x4e, 0x4f, 0x3d, 0x46, 0xa6, 0xd1, 0xbd,
  0xbd, 0xd8, 0x76, 0x3d, 0xff, 0x5c, 0x6a, 0x3c, 0xc3, 0x1a, 0x0e, 0x3e,
  0x77, 0xaa, 0x2a, 0x3b, 0x6b, 0xbd, 0x64, 0x3d, 0x6e, 0x06, 0x93, 0x3d,
  0x87, 0xe5, 0x4c, 0xbe, 0x49, 0xd5, 0x0c, 0xbd, 0x23, 0xf5, 0xb1, 0x3d,
  0x5e, 0xb1, 0x5d, 0xbe, 0x1d, 0xce, 0x02, 0xbe, 0x54, 0x3d, 0x4a, 0xbe,
  0x61, 0x4b, 0x8c, 0xbe, 0xc5, 0x7a, 0x1d, 0xbe, 0x9f, 0x2d, 0x48, 0xbc,
  0xcc, 0xf2, 0xc0, 0xba, 0xa0, 0xb6, 0xb2, 0xbc, 0x7c, 0x3c, 0x5b, 0xbd,
  0x1f, 0x91, 0x1e, 0x3e, 0xab, 0x41, 0x35, 0xbe, 0x29, 0xeb, 0x85, 0x3c,
  0x37, 0xcf, 0x03, 0xbd, 0x7d, 0xf6, 0x7c, 0xbe, 0xa1, 0xd7, 0xfc, 0xbd,
  0xd6, 0x20, 0x03, 0xbe, 0x91, 0x00, 0x09, 0xbd, 0x7a, 0x89, 0x8d, 0xbd,
  0xa7, 0x0f, 0x65, 0xbd, 0xf4, 0x76, 0x18, 0xbe, 0x24, 0x8b, 0x90, 0xb9,
  0x05, 0x77, 0x0c, 0x3d, 0xf4, 0x29, 0x92, 0xbd, 0xce, 0xee, 0x57, 0x3b,
  0x30, 0xcc, 0x99, 0x3d, 0x40, 0x5f, 0x6a, 0x3b, 0xde, 0x01, 0x48, 0xbe,
  0x17, 0x55, 0xe7, 0xbc, 0x94, 0x2b, 0x70, 0xbd, 0xdc, 0xf7, 0xbd, 0x3c,
  0x90, 0x4e, 0x2d, 0xbe, 0xf7, 0x1f, 0x88, 0xbe, 0x69, 0x37, 0x69, 0xbe,
  0x0f, 0x18, 0x2b, 0xbe, 0xc2, 0x73, 0x90, 0x3d, 0x6a, 0xc7, 0x3d, 0xbe,
  0xfd, 0x9f, 0xc9, 0x3c, 0x44, 0xe4, 0xe0, 0xbd, 0x43, 0x46, 0x10, 0x3d,
  0xc7, 0x81, 0xf2, 0xbd, 0x12, 0xea, 0x13, 0xbe, 0x2a, 0xc9, 0xe1, 0x3d,
  0x97, 0xce, 0x9f, 0xbd, 0x68, 0x5f, 0x99, 0xbb, 0xc4, 0x4a, 0xe1, 0xbd,
  0x60, 0x42, 0x45, 0xbe, 0xbf, 0x6d, 0x79, 0x3e, 0x56, 0xf0, 0x63, 0xbe,
  0x27, 0x93, 0x4d, 0x3e, 0x7e, 0x52, 0xb3, 0xbd, 0xef, 0x31, 0xab, 0x3c,
  0x83, 0x88, 0xc9, 0xbd, 0xe6, 0xbf, 0x8a, 0x3e, 0x6b, 0x5a, 0x0d, 0xbd,
  0x36, 0x2e, 0x3b, 0x3e, 0x1a, 0xe4, 0x03, 0x3f, 0x36, 0x39, 0x8f, 0x3d,
  0x8c, 0xc0, 0x8d, 0x3e, 0x6b, 0x8f, 0x3e, 0x3e, 0x84, 0x07, 0x20, 0x3d,
  0xf0, 0x42, 0x84, 0x3e, 0xe9, 0xd6, 0x54, 0xbc, 0x16, 0x4c, 0x98, 0x3e,
  0x34, 0x28, 0xa4, 0xbd, 0x51, 0x70, 0xcc, 0xbe, 0xbe, 0x32, 0xc7, 0x3d,
  0x12, 0x23, 0xc3, 0xbd, 0x41, 0x7a, 0x4f, 0xbe, 0x21, 0x74, 0x83, 0x3e,
  0x11, 0x04, 0x63, 0x3d, 0x1e, 0x88, 0x69, 0xbd, 0x13, 0xd3, 0xb3, 0x3e,
  0xb7, 0xf9, 0x52, 0x3e, 0x2b, 0xd0, 0x6e, 0x3d, 0xa1, 0xf7, 0xc7, 0x3e,
  0xc3, 0xae, 0x74, 0xbe, 0x7b, 0xdf, 0x3c, 0x3e, 0x78, 0xb4, 0xf4, 0xbd,
  0x0c, 0x32, 0xbd, 0x3e, 0x42, 0xa1, 0xee, 0x3c, 0xb1, 0xd5, 0x9d, 0xbe,
  0x4d, 0x20, 0xad, 0x3e, 0xee, 0xc2, 0x17, 0x3d, 0xed, 0x08, 0x83, 0xbd,
  0xbd, 0x6b, 0xda, 0x3d, 0xe0, 0x5c, 0xe5, 0x3d, 0x7a, 0xe3, 0x5b, 0xbd,
  0x57, 0x31, 0xe2, 0x3e, 0x1a, 0x1e, 0x5c, 0x3e, 0x76, 0x21, 0x06, 0x3e,
  0xbc, 0x46, 0x03, 0x3f, 0x4c, 0x5a, 0xb4, 0xbd, 0xfd, 0xdc, 0x1f, 0x3e,
  0x1f, 0xf9, 0x2b, 0x3a, 0x99, 0x73, 0x27, 0x3e, 0x45, 0x89, 0x5b, 0xbe,
  0xb6, 0x21, 0x62, 0xbe, 0x4c, 0x16, 0xe6, 0xba, 0xda, 0xc5, 0x83, 0xbd,
  0x78, 0xcc, 0xa3, 0xbd, 0x37, 0x7f, 0x08, 0x3e, 0x1e, 0x40, 0xe7, 0x3d,
  0x61, 0x08, 0xf2, 0xbc, 0x80, 0xfa, 0x35, 0x3e, 0x76, 0xc2, 0xf8, 0x3b,
  0x3b, 0xd6, 0xf9, 0x3c, 0x05, 0x51, 0xed, 0x3d, 0x64, 0xea, 0x06, 0xbb,
  0xac, 0xc5, 0x19, 0x3e, 0xfe, 0xf7, 0x7f, 0xbd, 0xb5, 0x78, 0xb6, 0x3d,
  0x5a, 0x9e, 0xa6, 0xbe, 0x83, 0x8b, 0x43, 0xbe, 0x45, 0xc4, 0x8e, 0xbe,
  0x7d, 0xa9, 0x93, 0x39, 0x8e, 0x0f, 0x7d, 0x3d, 0xaa, 0xe5, 0xaf, 0x3d,
  0xd8, 0x60, 0x61, 0xbd, 0xb3, 0xa1, 0x0c, 0x3e, 0x01, 0x76, 0x92, 0x3c,
  0x8f, 0xbd, 0x0e, 0xbe, 0xc5, 0x23, 0x26, 0x3e, 0x9c, 0x44, 0xac, 0x3d,
  0x65, 0x2f, 0xef, 0xbe, 0x8a, 0x5a, 0x33, 0xbd, 0x09, 0xe5, 0xb0, 0xbd,
  0x48, 0xd3, 0xa9, 0xbc, 0x44, 0xa4, 0xad, 0xbe, 0x7b, 0x12, 0x83, 0xbe,
  0xe0, 0xe8, 0x24, 0xbe, 0xf3, 0x31, 0x4d, 0xbe, 0x69, 0xbb, 0x77, 0xbd,
  0xf1, 0xc2, 0xd8, 0xbd, 0x98, 0xb8, 0x43, 0xbd, 0x18, 0x1f, 0x0c, 0x3d,
  0xbf, 0xb1, 0x37, 0xbe, 0xcf, 0x83, 0xa9, 0xbd, 0x51, 0x99, 0xcf, 0xbc,
  0xe7, 0xd0, 0x0f, 0x3e, 0x54, 0x09, 0xaf, 0xbe, 0xd3, 0xc6, 0x09, 0xbe,
  0xdf, 0x18, 0xa9, 0xbc, 0x3d, 0x02, 0x9b, 0x3c, 0x9d, 0xcf, 0x95, 0xbe,
  0x4f, 0xc8, 0xd1, 0xbd, 0x31, 0xbb, 0xc6, 0xbe, 0xbe, 0x23, 0x90, 0xbe,
  0x32, 0xbf, 0x47, 0xbe, 0xb9, 0x1d, 0x6e, 0x3d, 0x03, 0xf8, 0xd7, 0xbd,
  0x93, 0x86, 0x13, 0x3e, 0x15, 0x43, 0x00, 0xbe, 0xda, 0xcd, 0xc3, 0xbe,
  0x85, 0xea, 0x41, 0x3d, 0x77, 0x47, 0x1f, 0x3e, 0x62, 0x5f, 0x56, 0xbe,
  0x7b, 0x29, 0xce, 0xbd, 0xd6, 0x5b, 0x80, 0xbd, 0xf6, 0x6c, 0x5b, 0x3d,
  0x0a, 0x61, 0x94, 0xbe, 0xb4, 0x00, 0xe6, 0xbd, 0xc7, 0x97, 0xbd, 0xbe,
  0xe4, 0x5d, 0x86, 0xbe, 0x24, 0xda, 0x4e, 0xbe, 0xc7, 0xb5, 0x7c, 0x3d,
  0x95, 0x99, 0xe7, 0x3d, 0xe4, 0xf7, 0xc2, 0x3e, 0x3e, 0x61, 0x00, 0xbe,
  0x7a, 0xe2, 0x09, 0xbf, 0x0a, 0x25, 0x12, 0x3e, 0x96, 0x4a, 0x1b, 0xbd,
  0x2f, 0xaa, 0x7a, 0xbe, 0x1e, 0x52, 0x9b, 0x3c, 0x3c, 0x9f, 0x69, 0xbd,
  0x2f, 0x70, 0xf7, 0x3d, 0xd5, 0xa4, 0x61, 0xbe, 0xf3, 0xb5, 0x01, 0x3c,
  0x16, 0x53, 0x61, 0xbe, 0x76, 0xc8, 0x7f, 0xbe, 0xea, 0xc2, 0x06, 0xbd,
  0x57, 0x2b, 0xec, 0x3c, 0x47, 0x5a, 0xed, 0xbb, 0x94, 0x6c, 0x20, 0x3d,
  0x2d, 0x96, 0x33, 0xbe, 0x5a, 0xed, 0x6b, 0xbe, 0x80, 0x4e, 0x8e, 0x3e,
  0x5c, 0x48, 0x9e, 0x3d, 0xe6, 0x64, 0xa9, 0xbe, 0xe1, 0x17, 0x41, 0x3d,
  0xaf, 0xc4, 0x44, 0x3c, 0x24, 0x4d, 0x57, 0x3d, 0x9a, 0x58, 0xcf, 0xbe,
  0x22, 0xf0, 0xf8, 0x3d, 0x54, 0xa5, 0xc7, 0xbe, 0x14, 0x64, 0xd8, 0xbc,
  0x0c, 0x45, 0x90, 0xbd, 0x5d, 0xfb, 0x65, 0x3d, 0xf9, 0x9a, 0x35, 0x3d,
  0xf1, 0x94, 0xd4, 0x3c, 0x48, 0xdd, 0xcc, 0xbd, 0x51, 0x2e, 0x8d, 0xbe,
  0xbe, 0x39, 0xba, 0x3d, 0x39, 0xfb, 0x43, 0xbd, 0xcb, 0xcc, 0xf4, 0xbd,
  0x32, 0x8e, 0x72, 0x3e, 0xc0, 0x9f, 0xe1, 0x3e, 0x53, 0x49, 0x15, 0x3e,
  0x82, 0x9a, 0xba, 0xbe, 0x53, 0x12, 0x90, 0x3e, 0xda, 0xbd, 0x99, 0xbe,
  0x35, 0x37, 0x2e, 0xbe, 0x80, 0xce, 0x30, 0x3d, 0x25, 0x3a, 0xa9, 0x3d,
  0x66, 0xbe, 0xdd, 0xbc, 0x01, 0x54, 0xd2, 0xbd, 0x59, 0x7e, 0xbf, 0xbd,
  0xbb, 0xae, 0x53, 0xbe, 0x71, 0xa9, 0x33, 0x3e, 0xf8, 0x21, 0x1e, 0xbe,
  0xda, 0xc0, 0xd2, 0x3c, 0xe4, 0x96, 0xb3, 0x3c, 0x35, 0x15, 0xda, 0x3d,
  0xa4, 0xaf, 0xe7, 0x3c, 0x75, 0x8c, 0xb5, 0xbe, 0x1f, 0x55, 0x24, 0x3e,
  0x67, 0x72, 0x6b, 0xbe, 0x34, 0xce, 0x47, 0xbe, 0xdc, 0xe3, 0x87, 0x3d,
  0x99, 0x3b, 0xbb, 0xbd, 0x04, 0xeb, 0x98, 0xbb, 0xd9, 0x5e, 0x23, 0x3e,
  0xc5, 0x38, 0x5d, 0xbe, 0x87, 0x7f, 0x51, 0xbe, 0x1d, 0xeb, 0x4b, 0x3e,
  0x91, 0x69, 0x06, 0xbe, 0xe3, 0x09, 0x0f, 0xbc, 0x57, 0x88, 0x76, 0xbd,
  0x25, 0xea, 0x1a, 0x3e, 0xcd, 0x2f, 0x1e, 0x3d, 0x18, 0xb4, 0xdb, 0xbd,
  0xed, 0x49, 0xa5, 0x3e, 0xfe, 0xf7, 0xd0, 0xbd, 0x07, 0x85, 0x17, 0xbe,
  0x59, 0x29, 0x4c, 0x3e, 0x96, 0x1f, 0x55, 0x3e, 0xb7, 0xb9, 0x40, 0xbd,
  0x72, 0x53, 0x87, 0x3e, 0xec, 0xee, 0x83, 0xbe, 0xf4, 0xf7, 0xa2, 0xbe,
  0x4e, 0x7e, 0x61, 0x3e, 0x4c, 0x4b, 0x25, 0xbe, 0x76, 0x6e, 0x1d, 0x3c,
  0x69, 0x50, 0xeb, 0xbc, 0x5e, 0x9b, 0xf2, 0x3d, 0x32, 0xa3, 0xba, 0xbb,
  0xd1, 0xbd, 0xb9, 0x3d, 0x74, 0x6d, 0x09, 0x3e, 0x57, 0x7b, 0x1c, 0xbe,
  0xc1, 0xeb, 0x20, 0x3e, 0x9d, 0xfd, 0x0d, 0x3e, 0x02, 0x8d, 0x2b, 0x3e,
  0xe9, 0x64, 0x0a, 0xbe, 0xc4, 0x7e, 0xeb, 0x3d, 0xe0, 0xfd, 0xe7, 0xba,
  0x99, 0x72, 0xef, 0x3d, 0xc7, 0x89, 0x8c, 0x3e, 0x17, 0x5d, 0x82, 0x3c,
  0xb1, 0x8e, 0xe9, 0x3d, 0x3d, 0x5e, 0x78, 0x3e, 0xda, 0x27, 0x40, 0xbd,
  0xe6, 0x18, 0xc3, 0x3b, 0x20, 0x76, 0x67, 0xbe, 0xa6, 0x36, 0x8b, 0xbe,
  0x83, 0x10, 0x08, 0xbd, 0x1e, 0x9b, 0x08, 0x3c, 0xee, 0x53, 0xed, 0xbd,
  0x7c, 0xbf, 0x39, 0x3d, 0xe5, 0x48, 0x05, 0xbd, 0xc5, 0x77, 0xe0, 0x3d,
  0x3d, 0x12, 0x7d, 0x3d, 0xc2, 0x26, 0xbb, 0xbe, 0x0a, 0x98, 0x42, 0x3d,
  0x78, 0x90, 0x5e, 0xbd, 0x46, 0x1f, 0x7f, 0xbd, 0x97, 0x09, 0xa6, 0xbc,
  0xb1, 0x04, 0x2d, 0xbd, 0xd2, 0xa4, 0x27, 0xbe, 0xb9, 0xcf, 0xd5, 0xbd,
  0x08, 0xbe, 0x92, 0xbc, 0xa2, 0x87, 0x73, 0xbe, 0x78, 0x91, 0x51, 0xbe,
  0x8a, 0x1a, 0x93, 0x3c, 0x1d, 0x68, 0xb3, 0x3e, 0x10, 0x08, 0xf1, 0xbd,
  0xdc, 0x3f, 0x09, 0x3e, 0x5f, 0x8b, 0x83, 0xbe, 0x21, 0x6f, 0x77, 0xbe,
  0x83, 0xcd, 0xc0, 0x3d, 0x3d, 0x0a, 0x26, 0xbe, 0x9f, 0x89, 0x9b, 0x3d,
  0x46, 0x0d, 0x8c, 0xbe, 0x63, 0x3a, 0x00, 0xbe, 0x44, 0x5f, 0x3d, 0xbe,
  0xed, 0x86, 0x38, 0x3c, 0x85, 0x7a, 0xb2, 0x3d, 0x4d, 0x57, 0xcc, 0xbd,
  0x92, 0x07, 0xfa, 0xbd, 0xb9, 0x46, 0xeb, 0x3d, 0xf0, 0x65, 0x43, 0x3e,
  0xb6, 0x00, 0x16, 0xbe, 0xf9, 0x27, 0x0f, 0x3e, 0x89, 0x1b, 0x56, 0xbe,
  0x27, 0x1a, 0x53, 0xbe, 0x6f, 0x71, 0x3c, 0x3e, 0x50, 0x12, 0x14, 0xbe,
  0x70, 0x37, 0x70, 0x3d, 0x80, 0xfc, 0x17, 0xbe, 0xb7, 0x38, 0x22, 0xbd,
  0x9f, 0x51, 0x40, 0xbe, 0x7f, 0xfa, 0xac, 0xba, 0xd4, 0xfc, 0xc3, 0xbd,
  0xd6, 0x6b, 0x98, 0xbc, 0xe3, 0x12, 0xd3, 0x3d, 0x8f, 0x7d, 0x37, 0xbc,
  0x26, 0x23, 0x35, 0x3e, 0x84, 0x60, 0x2c, 0xbe, 0x83, 0xec, 0x26, 0x3e,
  0x93, 0xe8, 0x12, 0x3e, 0xac, 0xe3, 0xa5, 0x3e, 0x26, 0xf0, 0x22, 0x3e,
  0x76, 0x12, 0x7f, 0x3e, 0x2a, 0xc0, 0x5d, 0xbd, 0x9e, 0x5b, 0xc7, 0xbd,
  0x4c, 0x48, 0x3d, 0xbd, 0x40, 0x8d, 0x30, 0xbe, 0x64, 0x9a, 0x8a, 0x3e,
  0x31, 0x9c, 0x00, 0xbc, 0xaf, 0x34, 0x51, 0xbe, 0x0f, 0x43, 0x33, 0x3e,
  0x34, 0x26, 0x0e, 0xbd, 0x1d, 0xe6, 0xcd, 0x3d, 0xa3, 0x9d, 0x9a, 0xbd,
  0xb7, 0x94, 0x00, 0x3e, 0xfc, 0xe6, 0x0d, 0x3e, 0xeb, 0x6b, 0x8a, 0x3d,
  0xaf, 0xb0, 0xd4, 0xbd, 0xb0, 0x91, 0x82, 0x3e, 0x60, 0x8f, 0x03, 0x3e,
  0x48, 0x1f, 0x86, 0xbe, 0x05, 0x1d, 0x84, 0xbd, 0xa3, 0x01, 0x0e, 0xbe,
  0x01, 0x98, 0x8d, 0x3d, 0x55, 0xbe, 0xce, 0x3d, 0xc6, 0xc7, 0x49, 0xbe,
  0xd4, 0x50, 0x5a, 0x3e, 0xe7, 0xbb, 0xd5, 0x3c, 0x62, 0x6c, 0x53, 0x3e,
  0xfc, 0xd5, 0x39, 0xbd, 0x4a, 0xca, 0xe6, 0xbd, 0xb4, 0xff, 0xa4, 0xbd,
  0xf9, 0x02, 0x6e, 0x3e, 0x5a, 0x31, 0xc4, 0x3d, 0x97, 0x1f, 0x48, 0x3e,
  0xe3, 0x8b, 0xf0, 0x3d, 0x66, 0x3d, 0xa3, 0xbd, 0xc1, 0x16, 0xc9, 0xbd,
  0x16, 0x97, 0x0d, 0xbe, 0xe1, 0x3d, 0xe3, 0x3d, 0xaf, 0xb0, 0x88, 0x3c,
  0x8d, 0xb3, 0xd6, 0xbe, 0xd3, 0xf9, 0x24, 0x3e, 0x16, 0x32, 0x46, 0xbd,
  0xd2, 0x6d, 0xb6, 0xbd, 0xa1, 0xe0, 0xc7, 0xbd, 0x99, 0x31, 0x7e, 0xbe,
  0xb0, 0x1f, 0xab, 0xbd, 0xbc, 0x31, 0x84, 0x3e, 0xcd, 0xa7, 0x92, 0xbd,
  0x00, 0x2b, 0xa0, 0xbd, 0x89, 0xfd, 0x22, 0x3d, 0x75, 0xaf, 0xe6, 0xbd,
  0x65, 0x52, 0x37, 0x3b, 0x0b, 0x33, 0x75, 0x3c, 0xca, 0xe8, 0x20, 0x3e,
  0x35, 0x77, 0x20, 0x3e, 0x0a, 0x6c, 0x87, 0xbe, 0xa3, 0x04, 0xf9, 0x3d,
  0x17, 0xc3, 0x8b, 0xbc, 0x1c, 0xa4, 0x47, 0x3c, 0xd6, 0x13, 0x74, 0x3d,
  0x5c, 0xdd, 0x59, 0xbd, 0xaf, 0x4f, 0x65, 0xbc, 0x42, 0x4e, 0xcf, 0x3d,
  0xef, 0x7e, 0x40, 0xbe, 0xf3, 0x02, 0xa0, 0x3d, 0x98, 0xaa, 0x1a, 0xbe,
  0xf9, 0x52, 0xa8, 0xbc, 0x27, 0xfb, 0x5e, 0xbd, 0x39, 0x59, 0x04, 0xbd,
  0x5d, 0x6f, 0x48, 0x3e, 0x10, 0xdf, 0xee, 0x3d, 0x57, 0xfb, 0x87, 0xbe,
  0x12, 0xcd, 0x70, 0x3e, 0xfc, 0x7b, 0x89, 0xbe, 0xc0, 0x95, 0x3c, 0x3d,
  0xad, 0xe3, 0x17, 0xbd, 0x3c, 0x5a, 0xa2, 0x3c, 0x56, 0xd4, 0x20, 0xbb,
  0x18, 0x3e, 0x7e, 0x3e, 0x5d, 0xe8, 0x44, 0x3d, 0x1b, 0xee, 0xa0, 0x3b,
  0x80, 0xb2, 0xaf, 0x3c, 0x64, 0x67, 0x9f, 0x3c, 0xcb, 0xe1, 0xb5, 0x3c,
  0xe0, 0x5a, 0x05, 0xbe, 0xb1, 0xc6, 0x6a, 0x3e, 0x00, 0xa0, 0x9a, 0xbc,
  0x41, 0x4f, 0x15, 0xbe, 0x17, 0x85, 0x8c, 0x3e, 0x67, 0xa4, 0x7a, 0xbe,
  0x4d, 0x1f, 0x84, 0xbd, 0xa0, 0xff, 0x17, 0x3d, 0xc5, 0x30, 0x47, 0xbc,
  0x46, 0x09, 0xe8, 0xbd, 0xdc, 0xa0, 0x3e, 0x3e, 0x21, 0x3c, 0xdc, 0x3d,
  0x82, 0x1e, 0x62, 0x3d, 0xa0, 0x84, 0x29, 0x3e, 0xa6, 0xf8, 0x64, 0x3c,
  0xdc, 0xdc, 0x6a, 0x3d, 0x21, 0xa2, 0x42, 0xbe, 0x27, 0x4f, 0x76, 0x3e,
  0xea, 0xbd, 0xf2, 0x3d, 0x82, 0x62, 0x99, 0xbe, 0xe9, 0x9a, 0x98, 0x3e,
  0xaa, 0x97, 0xd4, 0xbe, 0x83, 0x40, 0x34, 0xbd, 0xe9, 0x29, 0x14, 0xbd,
  0x6f, 0x91, 0x22, 0xbe, 0x8a, 0x83, 0x0e, 0xbe, 0x8c, 0x71, 0x51, 0x3e,
  0x30, 0x63, 0xd3, 0x3d, 0x72, 0x05, 0xe4, 0x3d, 0x05, 0x52, 0x38, 0x3e,
  0xb5, 0x22, 0x48, 0xbe, 0x3f, 0x9c, 0xeb, 0xbc, 0x29, 0xb6, 0xa3, 0xbd,
  0x7c, 0x31, 0xd8, 0x3d, 0x26, 0x13, 0x91, 0xbe, 0x85, 0xf6, 0x77, 0xbe,
  0xec, 0xb7, 0x2a, 0x3e, 0xa9, 0x20, 0xd1, 0xbe, 0x37, 0x56, 0x15, 0xbe,
  0xc0, 0x37, 0x02, 0x3e, 0xa0, 0x45, 0x67, 0xbd, 0x1c, 0x7d, 0x3a, 0xbe,
  0xa0, 0x89, 0x0b, 0x3e, 0x0d, 0x5f, 0xa9, 0xbd, 0x4f, 0xd7, 0xbc, 0x3d,
  0x47, 0x8f, 0x2f, 0x3e, 0x04, 0x66, 0x45, 0xbd, 0x1f, 0x33, 0x89, 0x3d,
  0x0f, 0x36, 0x63, 0xbc, 0xb2, 0xb4, 0xc5, 0x3e, 0xef, 0xd2, 0x2a, 0xbe,
  0x91, 0xb3, 0x00, 0xbe, 0xf2, 0xc6, 0xe2, 0x3e, 0x24, 0x3a, 0xdb, 0xbe,
  0x1c, 0xae, 0x6e, 0xbd, 0x86, 0x33, 0xf5, 0x3c, 0xd2, 0x10, 0xbd, 0xbd,
  0x60, 0x29, 0xea, 0xbd, 0x5d, 0x30, 0xc3, 0x3d, 0x02, 0x15, 0x20, 0x3e,
  0x7b, 0x06, 0x06, 0xbe, 0x73, 0xf1, 0x3c, 0x3e, 0x7c, 0x66, 0xa2, 0x3c,
  0x3b, 0x2c, 0x2d, 0x3e, 0xa6, 0x82, 0xbf, 0xbd, 0xaf, 0xe4, 0xa5, 0xbd,
  0x73, 0xa4, 0x97, 0xbe, 0x2a, 0x8a, 0x51, 0xbe, 0x78, 0xba, 0x20, 0xbe,
  0x39, 0xf4, 0x8a, 0xbe, 0x8b, 0x65, 0x2e, 0xbe, 0x26, 0x80, 0xcf, 0x3c,
  0xa4, 0xaa, 0x3c, 0xbe, 0xe9, 0x96, 0x4e, 0xbe, 0x63, 0x50, 0xf4, 0x3e,
  0x03, 0x1e, 0x06, 0xbd, 0x8c, 0x57, 0xb7, 0xbe, 0x13, 0x6b, 0x82, 0x3d,
  0x3f, 0x67, 0xf6, 0x3d, 0x75, 0x6f, 0x8c, 0x3e, 0x21, 0x25, 0xcc, 0x3e,
  0x74, 0x9f, 0x3f, 0xbe, 0x37, 0xe1, 0xf6, 0x3e, 0xe9, 0x9e, 0xbb, 0x3d,
  0xf6, 0xe5, 0x50, 0x3b, 0x1b, 0xad, 0x66, 0x3c, 0xed, 0x79, 0x34, 0x3e,
  0x11, 0x64, 0xf6, 0x3e, 0x38, 0x1b, 0x60, 0x3e, 0x6b, 0x96, 0xa2, 0x3e,
  0x3b, 0x00, 0xa4, 0x3e, 0x15, 0x18, 0x5e, 0x3e, 0xbe, 0xcd, 0x89, 0x3e,
  0xe1, 0x06, 0x2d, 0xbe, 0xf6, 0xbc, 0xad, 0x3e, 0x52, 0x78, 0xf3, 0xbd,
  0xde, 0xbc, 0xa9, 0x3e, 0x71, 0x97, 0x54, 0xbc, 0xc8, 0x54, 0x40, 0x3e,
  0xb9, 0x51, 0xd6, 0x3e, 0x7f, 0x90, 0xfc, 0xbd, 0x14, 0x0d, 0xe6, 0x3c,
  0xfe, 0xfc, 0x2c, 0x3d, 0x94, 0xe3, 0x18, 0xbd, 0x77, 0xb5, 0x26, 0xbd,
  0xdc, 0x9a, 0x7b, 0x3e, 0x2d, 0xc0, 0xa5, 0x3e, 0xe9, 0xef, 0x71, 0x3e,
  0xd7, 0x49, 0xb8, 0x3e, 0xcf, 0x6a, 0x4f, 0xbe, 0xad, 0x9b, 0x88, 0x3e,
  0x93, 0x56, 0x89, 0xbd, 0xe0, 0x47, 0x9f, 0x3e, 0x76, 0x56, 0x4c, 0x3d,
  0xe1, 0xc9, 0x92, 0xbc, 0xc5, 0xc4, 0xa0, 0x3e, 0x29, 0xda, 0xa2, 0x3e,
  0xb2, 0x1b, 0x22, 0xbd, 0xcc, 0x87, 0x67, 0x3e, 0x04, 0xb5, 0xae, 0x3d,
  0xea, 0xcb, 0xf2, 0x3d, 0xa0, 0xca, 0xfc, 0x3e, 0xa7, 0xbc, 0x80, 0x3e,
  0xfc, 0x3a, 0x1d, 0x3e, 0x12, 0xfa, 0x50, 0x3f, 0x1e, 0xf3, 0x06, 0xbd,
  0x56, 0xd8, 0x86, 0x3d, 0xd1, 0xa2, 0xaa, 0xbd, 0x6f, 0xb3, 0xcd, 0x3e,
  0xf1, 0x26, 0x0c, 0xbe, 0xff, 0xf8, 0xbc, 0x3c, 0x2f, 0xf0, 0x34, 0xbc,
  0xc1, 0xb7, 0x7d, 0xbe, 0x75, 0xb6, 0x79, 0x3d, 0x60, 0xb7, 0x98, 0xbb,
  0xa7, 0xda, 0x12, 0xbe, 0xd3, 0x69, 0x93, 0xbe, 0x73, 0x18, 0x2c, 0x3e,
  0xe0, 0x20, 0xce, 0x3d, 0x51, 0xa9, 0xdc, 0x3c, 0x3c, 0xa1, 0x0f, 0xbe,
  0x81, 0x9b, 0x1a, 0xbd, 0x4d, 0xdb, 0xc0, 0xbc, 0x84, 0x79, 0xf2, 0xbc,
  0xa4, 0x76, 0x50, 0x3e, 0xd7, 0xaa, 0x20, 0xbe, 0xb6, 0x0d, 0x3e, 0x3d,
  0xb4, 0x65, 0x3f, 0xbe, 0x40, 0xab, 0x08, 0xbf, 0x89, 0x4f, 0x95, 0x3c,
  0x7d, 0x3b, 0x9e, 0x3d, 0xc0, 0xe2, 0xb5, 0x3b, 0xc3, 0xb7, 0x1e, 0x3e,
  0x4c, 0xfd, 0x46, 0xbd, 0xc0, 0xd5, 0x61, 0xbe, 0x20, 0xfc, 0x7a, 0xbd,
  0x23, 0x64, 0xf3, 0x3b, 0x0d, 0x9b, 0x32, 0xbe, 0xe6, 0x33, 0x67, 0xbc,
  0x68, 0xa6, 0x64, 0x3c, 0xba, 0x91, 0xa3, 0x3d, 0x83, 0x3a, 0x4b, 0xbe,
  0x25, 0xe9, 0x21, 0xbd, 0xc1, 0x03, 0x14, 0xbd, 0x9f, 0x94, 0xd5, 0xbe,
  0x56, 0xa6, 0x31, 0x3d, 0x71, 0x02, 0x0c, 0xbe, 0x60, 0xca, 0x2f, 0xbd,
  0xca, 0x9b, 0x92, 0xbe, 0xd1, 0x75, 0xfb, 0xbd, 0xc3, 0xb6, 0x2f, 0xbd,
  0x48, 0x92, 0x35, 0x3d, 0x5b, 0x93, 0xfc, 0xbc, 0xbf, 0xce, 0x23, 0xbd,
  0x7e, 0x42, 0xe7, 0x3d, 0x2c, 0xe1, 0x74, 0x3e, 0xfc, 0xd3, 0xe9, 0x3d,
  0xf7, 0x1b, 0xff, 0xbd, 0x41, 0x0d, 0x10, 0xbd, 0x14, 0xcc, 0x94, 0xbe,
  0x38, 0x73, 0x66, 0xbe, 0xfe, 0xdc, 0xf3, 0xbd, 0x4a, 0x5c, 0x9d, 0xbe,
  0x63, 0x73, 0x9c, 0xbe, 0x8e, 0xe0, 0x40, 0xbe, 0x78, 0x0a, 0xf4, 0xbd,
  0x07, 0x4f, 0xb0, 0xbd, 0x74, 0x42, 0x76, 0x3e, 0x00, 0xb6, 0x25, 0xbc,
  0xc8, 0x58, 0xa6, 0xbe, 0x5f, 0xd1, 0xca, 0x3d, 0x57, 0x52, 0x77, 0x3e,
  0xbf, 0x8e, 0x13, 0x3e, 0xb0, 0x0f, 0x5d, 0x3b, 0x7d, 0x13, 0x15, 0xbe,
  0xde, 0xc7, 0x8d, 0xbd, 0xe1, 0xd7, 0xbe, 0xbe, 0x49, 0x31, 0x22, 0xbd,
  0xdb, 0x07, 0x22, 0xbe, 0xa1, 0xaa, 0x65, 0xbe, 0xd7, 0x64, 0x1c, 0xbd,
  0x21, 0x28, 0x94, 0xbc, 0xe0, 0xfd, 0xb9, 0xbe, 0xcb, 0x09, 0x24, 0xbe,
  0x39, 0xce, 0xe7, 0xbd, 0x1b, 0x01, 0x80, 0xbe, 0x4d, 0x3a, 0x3d, 0x3e,
  0x4d, 0x4d, 0x5e, 0x3e, 0xfe, 0x20, 0x32, 0x3d, 0x6c, 0x61, 0x66, 0xbe,
  0xc6, 0x2d, 0x94, 0x3d, 0x23, 0x8c, 0x74, 0xbe, 0xf5, 0x6c, 0xc6, 0xbe,
  0x47, 0xd5, 0x43, 0xbd, 0xa1, 0xb6, 0x6b, 0x3e, 0x8d, 0xcc, 0x8a, 0xbe,
  0x8f, 0xb2, 0x18, 0xbe, 0x49, 0x77, 0x11, 0xbe, 0x97, 0xe0, 0x03, 0xbe,
  0xfe, 0x84, 0xd8, 0x3d, 0xf3, 0xd0, 0x88, 0xbb, 0x05, 0x8c, 0x4b, 0xbe,
  0x07, 0x84, 0x73, 0x3d, 0x1f, 0xc2, 0x1a, 0x3e, 0xc0, 0xa9, 0x01, 0x3e,
  0xa2, 0x8d, 0x6e, 0xbe, 0xf5, 0x7d, 0x3f, 0xbe, 0x46, 0x40, 0x13, 0xbf,
  0xfc, 0xef, 0xe4, 0xbe, 0x55, 0xda, 0xe0, 0x3b, 0x73, 0x57, 0xf3, 0xbc,
  0x08, 0xa2, 0x94, 0xbe, 0xba, 0xd3, 0xaa, 0x3d, 0x3a, 0x2b, 0x42, 0xbe,
  0xa1, 0xcd, 0x37, 0xbe, 0x0c, 0x3a, 0xdd, 0x3d, 0xf3, 0x92, 0x76, 0xbe,
  0x02, 0x90, 0x25, 0xbe, 0xa5, 0x13, 0x80, 0x3d, 0x05, 0xd1, 0x8d, 0x3e,
  0x87, 0x1b, 0x8d, 0x3d, 0x3f, 0xa2, 0xb8, 0xbd, 0xfe, 0x7d, 0x3b, 0xbe,
  0x49, 0x29, 0xb9, 0xbe, 0x2f, 0xc3, 0x32, 0xbf, 0x3f, 0x64, 0xcc, 0xbd,
  0xfa, 0xd8, 0x98, 0x3d, 0xef, 0x58, 0x55, 0x3b, 0x3f, 0xd5, 0xa3, 0xbc,
  0x41, 0x91, 0x3d, 0xbe, 0x44, 0x49, 0xc3, 0xbe, 0x6c, 0x2f, 0x8b, 0xbc,
  0x14, 0x1c, 0x66, 0xbe, 0x10, 0x05, 0x81, 0x3b, 0x4c, 0x83, 0xfc, 0x3d,
  0xb2, 0xa3, 0x96, 0x3e, 0x6e, 0xa7, 0xb4, 0x3d, 0x0c, 0x7b, 0x6a, 0xbe,
  0xd0, 0x41, 0x5d, 0xbe, 0x59, 0xad, 0xca, 0xbc, 0x29, 0x5a, 0x9e, 0xbe,
  0x96, 0xee, 0x50, 0xbd, 0xbb, 0xa5, 0x5d, 0x3d, 0x48, 0xfd, 0xbb, 0xbd,
  0xd0, 0x94, 0x2c, 0x3e, 0x1d, 0xe4, 0x70, 0xbe, 0xb9, 0xbc, 0x0e, 0xbf,
  0x45, 0x49, 0x0d, 0x3e, 0x82, 0x5b, 0x74, 0xbd, 0x54, 0xf9, 0x0d, 0xbe,
  0x33, 0xe7, 0x84, 0x3c, 0xf8, 0x5c, 0x90, 0x3e, 0x63, 0x4a, 0x05, 0x3e,
  0x26, 0x0e, 0x92, 0xbe, 0xdd, 0x98, 0xcd, 0xbe, 0xe7, 0xd7, 0xa2, 0xbd,
  0x10, 0x5f, 0x00, 0xbe, 0x0a, 0x57, 0xe8, 0x3b, 0x65, 0x90, 0x65, 0x3e,
  0xb4, 0x08, 0x01, 0xbe, 0xa9, 0x79, 0x71, 0x3e, 0x6f, 0xcc, 0x2a, 0xbe,
  0xe0, 0x4a, 0x3a, 0xbe, 0x73, 0x91, 0xa5, 0x3e, 0xbc, 0x2b, 0x2f, 0xbe,
  0x84, 0x67, 0x9f, 0xbe, 0xb7, 0x7c, 0x94, 0x3d, 0xd2, 0x76, 0xb6, 0x3d,
  0x55, 0x47, 0x1e, 0x3e, 0x17, 0xf5, 0x1a, 0x3d, 0xc6, 0x75, 0xe9, 0x3c,
  0x81, 0x01, 0xad, 0xbc, 0x52, 0xf3, 0x1f, 0xbe, 0x13, 0x58, 0x02, 0x3e,
  0x75, 0x14, 0x67, 0x3e, 0xc0, 0x23, 0xf6, 0xbc, 0xf2, 0x70, 0x49, 0x3d,
  0xe9, 0xfe, 0x95, 0x3d, 0x1a, 0xdc, 0xba, 0x3d, 0xd1, 0xed, 0x12, 0x3e,
  0xc9, 0xd0, 0x6b, 0xbe, 0x5d, 0x21, 0x0a, 0xbe, 0x95, 0xf5, 0x4a, 0x3e,
  0x4f, 0x28, 0x86, 0x3c, 0xd7, 0x0c, 0x44, 0xbe, 0x36, 0xb1, 0xb9, 0xbd,
  0x7a, 0x87, 0xbf, 0x3d, 0x6b, 0x16, 0x5e, 0xbe, 0xce, 0x30, 0xf2, 0xbd,
  0x19, 0x1b, 0x09, 0x3e, 0x4d, 0x9e, 0xe9, 0xbd, 0xe8, 0x25, 0x1d, 0xbd,
  0xaf, 0x35, 0xc4, 0xbe, 0xd8, 0x7e, 0x07, 0xbf, 0xeb, 0xae, 0x52, 0x3d,
  0xc6, 0x08, 0xb0, 0xbc, 0xd5, 0x81, 0x4a, 0xbe, 0x04, 0x7d, 0xe6, 0xbc,
  0x5e, 0x31, 0xe4, 0x3a, 0x05, 0x4c, 0xe6, 0x3d, 0x96, 0x49, 0xb8, 0xbd,
  0xcf, 0x16, 0x94, 0x3c, 0x63, 0x8b, 0x2d, 0x3c, 0x6c, 0xbc, 0x7d, 0xbe,
  0x88, 0x11, 0xbd, 0x38, 0x7f, 0xbd, 0xb0, 0x3d, 0x80, 0xf9, 0x7c, 0xbe,
  0x27, 0x56, 0x5e, 0x3c, 0xc2, 0x54, 0xe3, 0xbe, 0xe6, 0x0d, 0x11, 0xbf,
  0x52, 0x43, 0x23, 0xbd, 0x3c, 0x26, 0x51, 0x3e, 0x4d, 0xec, 0xae, 0xbe,
  0xb5, 0xa5, 0x78, 0xbd, 0x2f, 0x55, 0xc7, 0x3d, 0x3d, 0xb0, 0x45, 0xbc,
  0x53, 0x76, 0x72, 0x3d, 0x39, 0x9c, 0x6b, 0xbc, 0x1c, 0xa7, 0x88, 0x3d,
  0x12, 0x1e, 0x96, 0x3c, 0xd5, 0x79, 0x02, 0xbe, 0xa3, 0x10, 0x05, 0x3c,
  0x9a, 0xcd, 0x8c, 0xbe, 0xc7, 0xe6, 0x95, 0x3e, 0xdc, 0x53, 0xbf, 0xbe,
  0xf6, 0x56, 0x85, 0xbe, 0xfa, 0xdb, 0x4e, 0x3d, 0x26, 0x2c, 0xd7, 0x3b,
  0xda, 0x92, 0xa9, 0xbe, 0xef, 0x99, 0x7c, 0xbc, 0xdd, 0xa6, 0xfc, 0x3d,
  0xc6, 0x20, 0x9c, 0xbd, 0x51, 0x2a, 0x49, 0xbe, 0x7f, 0xae, 0x4d, 0x3e,
  0x02, 0x66, 0x1a, 0x3e, 0x43, 0x0a, 0x81, 0xbe, 0xcc, 0x0c, 0xe1, 0x3d,
  0xc5, 0xaf, 0x41, 0x3d, 0xa3, 0x05, 0xc9, 0x3c, 0x1f, 0x0d, 0xd5, 0x3d,
  0xe6, 0xee, 0xbc, 0xbe, 0x66, 0xdd, 0xca, 0xbe, 0xa5, 0x9a, 0x9e, 0xbe,
  0x41, 0xdb, 0xb9, 0x3d, 0xd3, 0x98, 0x3e, 0x3e, 0x0f, 0x56, 0x78, 0x3d,
  0xfb, 0x9e, 0x0c, 0xbe, 0xdf, 0x27, 0x35, 0x3d, 0xb0, 0x77, 0x3c, 0xbe,
  0x7b, 0xd6, 0x8b, 0xbc, 0xf7, 0x52, 0xce, 0x3d, 0x25, 0x99, 0x7a, 0xbe,
  0x99, 0x99, 0xb4, 0x3c, 0x14, 0xe0, 0xca, 0x3d, 0x02, 0x62, 0xa4, 0xbe,
  0x5a, 0x30, 0x7c, 0xbd, 0x8f, 0xbd, 0x2f, 0xbe, 0x9d, 0x84, 0xb0, 0xbd,
  0xab, 0x38, 0xfe, 0xbd, 0x0c, 0x32, 0xc6, 0xbc, 0xd8, 0x8f, 0x7f, 0x3e,
  0x38, 0x3b, 0xd2, 0xbc, 0x6a, 0x59, 0xba, 0xbd, 0x4a, 0xea, 0xbc, 0x3d,
  0x99, 0x8e, 0x76, 0x3d, 0x44, 0x61, 0x79, 0xbc, 0xd3, 0xe5, 0x8a, 0x3d,
  0x0f, 0xda, 0x0e, 0xbe, 0x8a, 0x94, 0x60, 0xbd, 0x00, 0x1f, 0x04, 0x3d,
  0x7a, 0xb9, 0x66, 0xbe, 0x01, 0x59, 0xec, 0x3c, 0x26, 0xa5, 0x97, 0xbe,
  0x65, 0x58, 0x86, 0x3c, 0xd9, 0xc8, 0x87, 0xbe, 0x1e, 0x11, 0xea, 0x3c,
  0x28, 0xe1, 0x4a, 0x3d, 0xf9, 0x55, 0x7b, 0x3c, 0x32, 0x33, 0x81, 0xbd,
  0xe3, 0xc3, 0xcd, 0x3c, 0x36, 0x4a, 0xf7, 0x3c, 0x2c, 0x1d, 0x2b, 0x3e,
  0xb0, 0x90, 0x8d, 0x3d, 0xe6, 0x10, 0xcf, 0xbd, 0x7c, 0x09, 0xfc, 0x3d,
  0x56, 0x9c, 0x74, 0x3e, 0xaf, 0x24, 0x70, 0x3d, 0xe5, 0x1a, 0xbd, 0x3c,
  0x12, 0x01, 0x00, 0x3e, 0xa8, 0x47, 0x31, 0xbe, 0x7c, 0xc3, 0x2d, 0xbe,
  0x17, 0x53, 0x2c, 0x3e, 0x74, 0x1e, 0x2d, 0x3e, 0xfe, 0x47, 0x5f, 0xbd,
  0xab, 0xea, 0x85, 0xbd, 0xf5, 0xf0, 0xd9, 0xbd, 0x5c, 0xf6, 0xea, 0x3c,
  0x6e, 0xb2, 0x1b, 0x3d, 0xa4, 0xa1, 0x95, 0x3d, 0xdd, 0x38, 0xb3, 0xbe,
  0x14, 0x3f, 0x93, 0x3d, 0x9d, 0x6c, 0x09, 0x3d, 0xb2, 0x68, 0x9b, 0xbd,
  0x75, 0x9c, 0x5f, 0xbe, 0xf2, 0x72, 0xf1, 0xbc, 0x31, 0xc6, 0x8e, 0x3c,
  0x4f, 0x0b, 0x34, 0x3d, 0x2c, 0x92, 0x14, 0x3d, 0xc7, 0xb6, 0x02, 0x3e,
  0xda, 0xd2, 0x5c, 0x3e, 0xd1, 0x6c, 0xff, 0xbd, 0x2a, 0x2d, 0xe0, 0x3d,
  0x2b, 0xe9, 0xc5, 0x3d, 0x52, 0xd2, 0xaf, 0xbd, 0x07, 0xb1, 0xec, 0xbd,
  0x47, 0xe5, 0x31, 0xbf, 0x19, 0xd6, 0x85, 0x3d, 0x33, 0x64, 0x4b, 0xbe,
  0xfd, 0xd5, 0x07, 0xbe, 0xf8, 0x91, 0xa5, 0xbe, 0x59, 0x51, 0x74, 0xbd,
  0x18, 0x94, 0x5a, 0x3d, 0x24, 0xf6, 0x65, 0xbe, 0xe9, 0x9e, 0xde, 0x3c,
  0xe8, 0xab, 0x53, 0x3e, 0xc7, 0x22, 0x21, 0x3e, 0x70, 0x90, 0x80, 0xbe,
  0x4c, 0xc4, 0x02, 0xbc, 0x08, 0xd7, 0xac, 0x3d, 0xa5, 0xef, 0x84, 0xbd,
  0x20, 0x38, 0x9f, 0xbe, 0x73, 0xbb, 0xb4, 0xbe, 0x00, 0x25, 0x1d, 0x3e,
  0xbc, 0xc0, 0x6b, 0xbe, 0x1d, 0xf2, 0x1f, 0x3c, 0x47, 0x56, 0x80, 0xbe,
  0x58, 0x3c, 0x24, 0x3d, 0x1e, 0xa8, 0x9c, 0x3d, 0xdf, 0x89, 0x88, 0xbe,
  0x16, 0x47, 0x08, 0x3e, 0xb3, 0xac, 0x73, 0x3e, 0x86, 0xf9, 0x03, 0xbe,
  0x5d, 0xa1, 0x48, 0xbe, 0xf7, 0x59, 0x04, 0xbe, 0xf6, 0x40, 0x54, 0x3e,
  0x26, 0x0a, 0xaf, 0xbd, 0x28, 0x42, 0x3c, 0xbf, 0x5e, 0x37, 0xab, 0xbe,
  0x73, 0xf9, 0x95, 0x3e, 0x02, 0x33, 0x88, 0xbe, 0x0e, 0x27, 0xa3, 0xbd,
  0x54, 0x18, 0x41, 0xbe, 0x64, 0xed, 0x4b, 0xbd, 0xb5, 0x06, 0xd7, 0x3d,
  0xd3, 0x47, 0x76, 0xbe, 0x4d, 0x11, 0x70, 0x3e, 0xa6, 0x10, 0x3d, 0x3e,
  0xff, 0xd1, 0xca, 0xbe, 0x96, 0xee, 0xdc, 0xbd, 0x59, 0xa3, 0xe9, 0xbe,
  0x81, 0xf4, 0xa7, 0x3d, 0xeb, 0x55, 0x6e, 0xbe, 0xa1, 0x01, 0xc0, 0xbe,
  0xf5, 0xe2, 0xc1, 0xbe, 0xdd, 0xac, 0x7d, 0x3b, 0x4a, 0x42, 0xc9, 0xbe,
  0x75, 0xe8, 0x5e, 0xbe, 0x60, 0x5d, 0x7a, 0xbe, 0x61, 0xda, 0x04, 0x3e,
  0x4d, 0x5a, 0x67, 0x3c, 0x5e, 0x94, 0xc4, 0xbd, 0x1a, 0x33, 0xfd, 0xbc,
  0xc0, 0x3d, 0x81, 0x3e, 0x33, 0xdf, 0x19, 0xbf, 0x7f, 0xc1, 0x45, 0xbc,
  0xb1, 0xf9, 0x02, 0xbf, 0x9f, 0x29, 0xe1, 0x3d, 0xca, 0xe3, 0xa9, 0xbe,
  0x96, 0x91, 0x16, 0xbf, 0xa6, 0xc9, 0x6a, 0xbd, 0xe4, 0xc7, 0xb0, 0x3d,
  0x2a, 0xdd, 0x74, 0xbe, 0xff, 0xd3, 0xb1, 0xbe, 0x53, 0x14, 0x87, 0xbe,
  0x8a, 0xdf, 0x72, 0x3e, 0x68, 0x4a, 0x80, 0x3d, 0x42, 0x90, 0x88, 0xbd,
  0xef, 0x01, 0x0f, 0x3e, 0x30, 0x8b, 0x1b, 0x3e, 0x2f, 0x12, 0x00, 0xbf,
  0x31, 0xe5, 0x3c, 0xbc, 0x1b, 0x1f, 0xfd, 0xbe, 0x12, 0xcc, 0xf0, 0xbb,
  0xe1, 0xc3, 0x47, 0xbe, 0x37, 0x5a, 0x92, 0xbf, 0x60, 0x8e, 0xf3, 0xbd,
  0xf4, 0x18, 0x33, 0xbf, 0x6f, 0x68, 0x35, 0xbf, 0x48, 0xe5, 0xe3, 0xbd,
  0xf0, 0xa9, 0x3e, 0xbe, 0x13, 0x79, 0x9f, 0x3e, 0xe1, 0x8e, 0x20, 0x3d,
  0x5e, 0x53, 0xdb, 0xbd, 0xee, 0xee, 0x4f, 0xbd, 0x13, 0x8a, 0x5f, 0x3e,
  0x5f, 0x23, 0xa9, 0xbe, 0x4a, 0xec, 0x0b, 0xbe, 0xf1, 0x62, 0x13, 0x3e,
  0x36, 0xa7, 0xa9, 0x3e, 0xf2, 0xb7, 0xc6, 0xbe, 0x58, 0x7a, 0x59, 0x3e,
  0xc3, 0xfc, 0xb3, 0x3e, 0xce, 0x51, 0x82, 0xbd, 0x64, 0x5d, 0xa9, 0xbd,
  0x64, 0xf9, 0x8d, 0xbd, 0xca, 0xa9, 0x1c, 0x3e, 0x4b, 0x80, 0xb6, 0xbd,
  0xc9, 0x23, 0xaa, 0x3d, 0x7d, 0x39, 0x0f, 0x3e, 0xb3, 0xa4, 0x05, 0x3d,
  0x16, 0xb3, 0xee, 0x3e, 0x8e, 0x5a, 0x0f, 0xbe, 0x32, 0xab, 0x90, 0xbd,
  0xa6, 0x11, 0x69, 0x3e, 0x78, 0x95, 0x87, 0xbd, 0xd1, 0xe6, 0xcf, 0x3b,
  0xf5, 0x5a, 0x86, 0x3d, 0x82, 0x2a, 0x32, 0xbd, 0xb5, 0x83, 0x98, 0xbe,
  0xce, 0xa7, 0xdb, 0xbe, 0xeb, 0x3c, 0x15, 0x3e, 0xbd, 0xab, 0x16, 0xbe,
  0x32, 0x39, 0xba, 0x3d, 0x2e, 0x50, 0x84, 0x3e, 0xf2, 0xfd, 0x92, 0x3e,
  0x12, 0x2b, 0xc5, 0xbd, 0x83, 0x5c, 0xcc, 0x3e, 0x02, 0x71, 0xe1, 0xbe,
  0xd2, 0x15, 0x98, 0xbd, 0xa1, 0x25, 0x6b, 0x3d, 0x21, 0x7c, 0x65, 0x3e,
  0x74, 0xe6, 0x37, 0xbe, 0x5d, 0x79, 0x06, 0xbd, 0x9d, 0xde, 0x7e, 0x3d,
  0xaf, 0x24, 0xb7, 0x3c, 0x34, 0xc3, 0xa1, 0xbe, 0x7d, 0xe4, 0xda, 0x3c,
  0x40, 0xa9, 0x30, 0xbe, 0x8d, 0xd5, 0x88, 0xbd, 0x73, 0xad, 0x8e, 0x3e,
  0xc3, 0xd6, 0x36, 0x3d, 0x29, 0xa3, 0x82, 0x3d, 0x22, 0xd1, 0xd4, 0x3e,
  0xd7, 0xf2, 0x0f, 0xbf, 0xec, 0x1f, 0xde, 0x3d, 0x9b, 0xa6, 0x70, 0x3e,
  0xa9, 0x10, 0xcd, 0x3d, 0x83, 0x64, 0x1f, 0xbe, 0x22, 0x4b, 0xd4, 0xbd,
  0x33, 0x25, 0x98, 0x3d, 0xda, 0x58, 0xb7, 0xbc, 0xb7, 0xca, 0x9a, 0xbe,
  0xaf, 0xfe, 0xce, 0x3d, 0xce, 0x8c, 0xc4, 0xbe, 0xac, 0x82, 0x02, 0xbd,
  0xcf, 0xeb, 0x6f, 0x3e, 0x0f, 0x37, 0xdd, 0x3e, 0x91, 0x74, 0x89, 0xbd,
  0x11, 0x82, 0x53, 0xbe, 0x34, 0xc9, 0x99, 0xbe, 0x27, 0x78, 0x12, 0x3e,
  0xe9, 0x3e, 0x9c, 0x3d, 0xf0, 0x51, 0x97, 0x3b, 0x91, 0x6d, 0xf2, 0xbd,
  0x69, 0xf0, 0xb8, 0x3c, 0x7c, 0xaf, 0x48, 0x3d, 0xf5, 0x4a, 0xa0, 0xbd,
  0xb4, 0x5d, 0x17, 0xbc, 0xc2, 0x8e, 0x5c, 0xbe, 0x31, 0x6a, 0xf6, 0xbd,
  0x28, 0xcf, 0x4d, 0xbd, 0xc5, 0xa7, 0x92, 0x3e, 0xd2, 0x6c, 0xa0, 0x3d,
  0xf5, 0x1a, 0x0f, 0xbe, 0x6b, 0xd9, 0x03, 0x3d, 0x58, 0x71, 0x0f, 0xbf,
  0x36, 0x77, 0x4d, 0x3e, 0xc0, 0xa4, 0xc2, 0xbd, 0x77, 0x7c, 0xe9, 0xbd,
  0xb6, 0x31, 0xcf, 0xbe, 0x4d, 0x26, 0x48, 0xbd, 0x07, 0x4f, 0x1f, 0x3d,
  0x44, 0x06, 0x43, 0xbc, 0xdc, 0xd1, 0x51, 0x3e, 0xa0, 0xc0, 0x22, 0xbd,
  0x64, 0x02, 0xba, 0xbe, 0x8b, 0xed, 0x16, 0xbe, 0x20, 0x3a, 0xf5, 0x3b,
  0x7d, 0x97, 0x43, 0x3e, 0xef, 0xe3, 0x12, 0xbd, 0x08, 0x44, 0x96, 0x3d,
  0x06, 0x9c, 0x6c, 0xbe, 0x98, 0x47, 0x3c, 0x3e, 0x42, 0xa7, 0x47, 0xbe,
  0x1b, 0x46, 0xd6, 0xbd, 0xd7, 0x72, 0x26, 0xbe, 0xf7, 0x0a, 0xb6, 0xbc,
  0x4c, 0xfb, 0x96, 0xbd, 0xa3, 0xe6, 0x4c, 0xbe, 0x3a, 0x83, 0x0e, 0x3e,
  0x1b, 0x34, 0x7e, 0xbe, 0x8d, 0x26, 0xd7, 0xbe, 0xdf, 0x34, 0x9a, 0x3d,
  0x43, 0xdc, 0xf5, 0x3c, 0x48, 0xd2, 0xb5, 0x3d, 0x5e, 0xa3, 0x2a, 0x3c,
  0x48, 0xcc, 0xff, 0x3c, 0x49, 0xb6, 0x1c, 0xbe, 0xec, 0x95, 0xfa, 0x3d,
  0xa5, 0xff, 0xc6, 0xbd, 0x1c, 0xdb, 0x21, 0xbe, 0xc2, 0x91, 0x84, 0xbd,
  0xac, 0x27, 0xa1, 0x3d, 0x22, 0x77, 0x11, 0xbc, 0xd5, 0x92, 0x09, 0xbe,
  0x3c, 0x83, 0x1a, 0x3e, 0x54, 0x9c, 0x7f, 0x3e, 0x84, 0xef, 0x4a, 0xbe,
  0xb1, 0xea, 0xcf, 0xbd, 0xbe, 0x2e, 0x9e, 0x3c, 0x64, 0xa2, 0x08, 0xbe,
  0x64, 0x36, 0xb7, 0x3c, 0x16, 0x95, 0xfa, 0xbb, 0x72, 0x2a, 0xd4, 0xbd,
  0x9c, 0x8a, 0x3d, 0x3e, 0x02, 0xbd, 0x0e, 0xbe, 0xf3, 0x0b, 0x95, 0xbd,
  0x2d, 0xe2, 0x81, 0xbe, 0x85, 0x7e, 0x04, 0xbd, 0xb6, 0xbb, 0x11, 0x3e,
  0x9f, 0x14, 0x96, 0xbd, 0x63, 0x7e, 0x26, 0x3d, 0xef, 0x02, 0x11, 0xbc,
  0xd9, 0xce, 0xb5, 0xbd, 0x91, 0x2d, 0x7c, 0xbc, 0xae, 0x70, 0xbb, 0x3d,
  0x93, 0x02, 0x5d, 0xbd, 0x2e, 0x4a, 0xb4, 0x3c, 0x94, 0xd3, 0x9c, 0x3d,
  0xe0, 0x81, 0x56, 0xbb, 0x0a, 0x69, 0x15, 0x3e, 0xc7, 0xce, 0x51, 0xbe,
  0x94, 0x60, 0xed, 0x3b, 0xe4, 0xa7, 0x8c, 0xbe, 0x00, 0x79, 0xe2, 0x3d,
  0xb2, 0xfd, 0x89, 0x3d, 0x6a, 0x06, 0x14, 0xbe, 0x20, 0x11, 0x85, 0x3d,
  0xa9, 0x69, 0xdc, 0x3d, 0x75, 0x66, 0xb1, 0xbe, 0xba, 0x48, 0xea, 0xbd,
  0x14, 0x34, 0xa9, 0x3d, 0x0a, 0x25, 0xbc, 0xbd, 0x6f, 0x47, 0x08, 0x3e,
  0xac, 0x7a, 0xf2, 0x3c, 0xa8, 0x92, 0x25, 0xbe, 0xe9, 0xa2, 0x38, 0x3e,
  0x1f, 0x27, 0xd5, 0xbe, 0x1f, 0xc7, 0xf8, 0xbd, 0xa4, 0x4d, 0x88, 0xbd,
  0x8d, 0x2d, 0x2d, 0x3e, 0xe5, 0xc3, 0x8e, 0xbc, 0xef, 0x98, 0x48, 0xbe,
  0x54, 0x73, 0x82, 0x3d, 0xdb, 0x1a, 0xb1, 0x3d, 0xa6, 0x2e, 0x87, 0xbe,
  0xe8, 0x72, 0x28, 0x3e, 0x99, 0xf9, 0xbe, 0x3d, 0xdc, 0x7e, 0x70, 0xbe,
  0x7a, 0x39, 0x8e, 0x3d, 0x86, 0x00, 0x9a, 0xbe, 0x08, 0x59, 0xe6, 0x3c,
  0x7d, 0xe0, 0x7f, 0x3e, 0x1e, 0x73, 0x83, 0x3b, 0x14, 0xda, 0x47, 0xbd,
  0xa4, 0x84, 0x2b, 0xbe, 0x16, 0x03, 0x3a, 0xbe, 0xc8, 0xbb, 0x0c, 0xbe,
  0x95, 0xb1, 0x7f, 0xbe, 0x0d, 0xa4, 0x21, 0x3b, 0x0c, 0xb8, 0x82, 0x3e,
  0x3b, 0x5b, 0x56, 0xbe, 0x12, 0xe5, 0x0c, 0x3e, 0xca, 0xf1, 0x02, 0xbe,
  0x41, 0x32, 0xaf, 0xbd, 0x88, 0x8a, 0xa9, 0x3d, 0x9a, 0x0e, 0x48, 0xbe,
  0x2a, 0x99, 0x5d, 0xbe, 0xc8, 0x75, 0x51, 0x3d, 0xb4, 0x09, 0xe2, 0x3d,
  0x13, 0x03, 0x7e, 0x3d, 0xad, 0xbe, 0xd9, 0xbe, 0xa9, 0x37, 0x53, 0xbe,
  0x9e, 0xe7, 0x7f, 0xbd, 0x49, 0x04, 0x3f, 0x3e, 0x0f, 0xf7, 0x91, 0x3c,
  0x8e, 0x1d, 0xdd, 0x3d, 0x4c, 0xda, 0x8d, 0xbd, 0x22, 0xb1, 0xc3, 0x3d,
  0xf0, 0x7d, 0xe4, 0xbd, 0x02, 0xe3, 0x64, 0x3e, 0x29, 0xa5, 0x53, 0x3e,
  0xd8, 0xf3, 0xa4, 0xbe, 0xf5, 0xef, 0x32, 0xbe, 0xed, 0x79, 0x00, 0x3e,
  0x20, 0x66, 0xa6, 0x3a, 0x9e, 0x13, 0x44, 0xbe, 0x67, 0x88, 0x4c, 0xbe,
  0x31, 0xb7, 0x8c, 0xbe, 0x51, 0x75, 0x1f, 0xbc, 0xd6, 0x89, 0x11, 0xbe,
  0xdc, 0xb0, 0x42, 0xbe, 0x72, 0xbd, 0x0f, 0x3e, 0x36, 0x1b, 0x51, 0xbe,
  0xef, 0x0d, 0x99, 0x3e, 0xd3, 0xec, 0x27, 0xbe, 0x53, 0x08, 0x9d, 0x3d,
  0xec, 0xac, 0x95, 0x3e, 0xf0, 0x0d, 0x0a, 0xbe, 0xa5, 0x0c, 0x1e, 0xbe,
  0x99, 0x54, 0x62, 0x3d, 0xde, 0xf4, 0xff, 0xff, 0x04, 0x00, 0x00, 0x00,
  0x08, 0x00, 0x00, 0x00, 0xff, 0xff, 0xff, 0xff, 0xe0, 0x00, 0x00, 0x00,
  0xf2, 0xf4, 0xff, 0xff, 0x04, 0x00, 0x00, 0x00, 0x10, 0x00, 0x00, 0x00,
  0x7d, 0x3b, 0xd9, 0xbf, 0xbb, 0xef, 0x8a, 0x3f, 0xe9, 0x63, 0x41, 0xbe,
  0xd8, 0x8f, 0x1c, 0xbf, 0x0e, 0xf5, 0xff, 0xff, 0x04, 0x00, 0x00, 0x00,
  0x40, 0x00, 0x00, 0x00, 0x18, 0x28, 0xdb, 0x3e, 0x53, 0x6f, 0x41, 0xbf,
  0x62, 0xe8, 0x33, 0xbe, 0x33, 0xe0, 0xa2, 0xbe, 0x1d, 0x42, 0x8c, 0xbe,
  0xc2, 0x13, 0x77, 0x3f, 0x96, 0xa4, 0x76, 0x3f, 0xe2, 0xf5, 0x57, 0xbe,
  0x4d, 0x23, 0x25, 0xbf, 0xfc, 0x21, 0xa7, 0xbc, 0xbc, 0x60, 0x2f, 0xbe,
  0x34, 0x62, 0x36, 0x3f, 0xaf, 0x9d, 0x44, 0xbf, 0xa1, 0xaa, 0x52, 0x3f,
  0x3f, 0xb3, 0xef, 0xbc, 0x5b, 0x07, 0x72, 0xbe, 0x5a, 0xf5, 0xff, 0xff,
  0x04, 0x00, 0x00, 0x00, 0x00, 0x08, 0x00, 0x00, 0xeb, 0x33, 0x15, 0xbd,
  0xb5, 0xdf, 0x68, 0x3d, 0xee, 0xb9, 0xba, 0xbe, 0x78, 0xad, 0xe4, 0xbe,
  0x99, 0xee, 0x1a, 0xbe, 0x1d, 0xb2, 0xb2, 0xbd, 0x1d, 0x47, 0x2e, 0xbc,
  0xd8, 0x36, 0xa2, 0xbc, 0x7e, 0x6a, 0x15, 0xbe, 0x5c, 0xdf, 0xa0, 0x3e,
  0x87, 0x7a, 0xbb, 0xbe, 0x2e, 0x40, 0x2d, 0xbe, 0x3d, 0xe2, 0x08, 0x3f,
  0x69, 0x6c, 0x0f, 0xbe, 0x50, 0x07, 0x1d, 0xbe, 0x3b, 0xa8, 0xab, 0x3e,
  0xe0, 0x44, 0x8d, 0xbe, 0x4e, 0xd8, 0xfe, 0x3d, 0xf4, 0x36, 0x82, 0xbe,
  0xe8, 0xc4, 0x78, 0x3d, 0x81, 0xc5, 0x17, 0x3e, 0x35, 0xc1, 0x14, 0xbe,
  0xdb, 0x0d, 0xa0, 0x3d, 0x87, 0x30, 0x71, 0xbd, 0x2f, 0x56, 0xa7, 0xbd,
  0xc7, 0x9a, 0xeb, 0x3d, 0xda, 0x13, 0x51, 0xbe, 0x97, 0x89, 0xa2, 0xbd,
  0xc1, 0x36, 0x17, 0xbe, 0xe7, 0x91, 0x79, 0x3d, 0x60, 0x35, 0x87, 0xbd,
  0x67, 0xb8, 0x11, 0x3e, 0x76, 0xd7, 0x65, 0x3e, 0x68, 0x1c, 0x62, 0x3e,
  0x0b, 0x80, 0x05, 0xbd, 0x2b, 0xbc, 0x78, 0x3e, 0x59, 0x19, 0xaa, 0xbd,
  0x28, 0xaa, 0xfa, 0xbd, 0x0e, 0xd0, 0x84, 0x3e, 0xe4, 0x0f, 0xbd, 0xbe,
  0xf8, 0x4b, 0xb5, 0xbc, 0xc9, 0x27, 0xa4, 0x3d, 0x81, 0x5e, 0x3b, 0x3d,
  0xff, 0x2c, 0xce, 0x3d, 0xd0, 0x50, 0xb9, 0x3e, 0xab, 0x9e, 0xfc, 0xbd,
  0x5c, 0x34, 0x7d, 0x3e, 0x01, 0x09, 0xac, 0xbe, 0x1a, 0xbe, 0xf1, 0xbd,
  0x09, 0x94, 0x2b, 0x3d, 0xa1, 0x8c, 0x58, 0xbb, 0xe3, 0x2f, 0x24, 0xbd,
  0xb4, 0x9e, 0xea, 0xbd, 0x02, 0xd7, 0xf9, 0xbd, 0xaa, 0x46, 0x84, 0x3e,
  0x7a, 0x9c, 0xb9, 0xbe, 0xda, 0xe4, 0xfa, 0xbc, 0x1a, 0xef, 0x05, 0xbe,
  0x68, 0x32, 0x7c, 0x3e, 0x0d, 0xac, 0x3c, 0xbd, 0xf9, 0x46, 0x64, 0x3e,
  0xf5, 0x08, 0x06, 0xbe, 0xe9, 0x59, 0xeb, 0x3b, 0x4c, 0xab, 0xc1, 0xbe,
  0xf2, 0x5e, 0x97, 0xbd, 0xa6, 0x28, 0xa0, 0xbe, 0x86, 0x1d, 0x99, 0x3d,
  0xa3, 0xf9, 0x64, 0x3d, 0xec, 0x2b, 0x57, 0x3d, 0xea, 0xb4, 0xec, 0x3d,
  0x76, 0x1e, 0xec, 0x3c, 0x43, 0x64, 0x78, 0x3c, 0xe1, 0x6b, 0x3e, 0x3f,
  0x09, 0xa2, 0x9c, 0xbe, 0x77, 0xfc, 0xbc, 0x3c, 0x3d, 0x2b, 0x11, 0xbe,
  0x91, 0x72, 0x71, 0xbc, 0xcf, 0x98, 0x7f, 0xbd, 0xde, 0xb2, 0x9c, 0x3d,
  0xc6, 0x3f, 0x8e, 0x3d, 0x6a, 0xd8, 0xaa, 0x3e, 0x9b, 0xec, 0x8e, 0xbe,
  0xe9, 0x10, 0x6c, 0xbd, 0x79, 0xb6, 0x05, 0xbf, 0xed, 0xa2, 0x73, 0x3c,
  0xa4, 0x9d, 0x16, 0xbe, 0x00, 0x4c, 0xdb, 0xbe, 0x53, 0x23, 0xc2, 0xbd,
  0xa1, 0x1b, 0xe6, 0x3e, 0xb6, 0x09, 0x31, 0xbe, 0x1b, 0x30, 0xf5, 0xbd,
  0xfa, 0xf0, 0xd2, 0xbe, 0xca, 0xf0, 0xca, 0xbd, 0x7a, 0x95, 0x81, 0xbe,
  0xb3, 0xf6, 0xec, 0xbe, 0xe0, 0xb0, 0xf2, 0xbd, 0x77, 0x79, 0xdb, 0xbd,
  0x57, 0x5d, 0x8c, 0x3d, 0x34, 0x61, 0x8f, 0xbc, 0x6c, 0x42, 0x20, 0xbe,
  0xfa, 0xa6, 0xd0, 0xbd, 0x30, 0xcb, 0x2c, 0x3c, 0xb4, 0x5d, 0xcd, 0x3d,
  0xa2, 0xd0, 0xc9, 0xbc, 0xd7, 0x8c, 0x5e, 0x3d, 0xf2, 0x7b, 0x14, 0x3d,
  0x96, 0xb7, 0x30, 0x3c, 0x9c, 0xef, 0xca, 0x3c, 0x64, 0x65, 0xbe, 0x3c,
  0x97, 0x60, 0x6c, 0xbb, 0xb8, 0x5a, 0x1d, 0x3d, 0x23, 0xa8, 0x1f, 0x3f,
  0x2b, 0x2c, 0xa2, 0xbe, 0x8f, 0x89, 0x76, 0x3d, 0x73, 0x65, 0x45, 0xbb,
  0x4c, 0x0d, 0xb8, 0xbe, 0xc6, 0x2c, 0xba, 0xbd, 0xb9, 0x41, 0x1d, 0x3d,
  0x87, 0x4d, 0x8a, 0xbe, 0xe8, 0xac, 0x85, 0xbd, 0x46, 0x43, 0xb8, 0xbe,
  0xfd, 0x7e, 0x71, 0xbe, 0x58, 0x84, 0xbe, 0xbc, 0xff, 0xab, 0xc4, 0xbe,
  0xe4, 0x5b, 0x12, 0xbe, 0x4c, 0x4c, 0x4c, 0xbe, 0xec, 0xd0, 0xd6, 0xbe,
  0xd6, 0x61, 0x6a, 0xbd, 0xe0, 0x07, 0x52, 0x3e, 0xa4, 0x69, 0x1d, 0x3f,
  0x4a, 0x7f, 0x80, 0xbe, 0x8f, 0x3b, 0x8a, 0xbe, 0xf3, 0xe4, 0x87, 0xbe,
  0x02, 0xcf, 0x88, 0x3e, 0xd0, 0x17, 0x1a, 0xbd, 0x1d, 0xec, 0x4c, 0xbd,
  0x8b, 0x1e, 0x84, 0xbe, 0xf4, 0x28, 0xdf, 0xbd, 0x1d, 0x6c, 0x3c, 0xbe,
  0xa4, 0x54, 0x86, 0x3c, 0xc5, 0x3a, 0x67, 0xbe, 0xe0, 0x0c, 0x86, 0xbd,
  0xcb, 0x52, 0xb0, 0x3d, 0x9d, 0xa6, 0x27, 0xbd, 0x83, 0x7b, 0x55, 0xbf,
  0xde, 0x88, 0x3d, 0xbe, 0x72, 0x6a, 0x75, 0xbd, 0x1a, 0x5c, 0xa4, 0x3e,
  0x59, 0xae, 0x3b, 0xbe, 0x83, 0xca, 0xb5, 0xbe, 0x0e, 0xa8, 0x06, 0x3d,
  0x8c, 0xd3, 0x54, 0x3d, 0x11, 0x41, 0x6e, 0xbf, 0xd6, 0xda, 0x1b, 0xbf,
  0xbb, 0x96, 0x18, 0x3f, 0xd0, 0xc0, 0x71, 0x3e, 0x20, 0x39, 0x94, 0x3a,
  0x66, 0x90, 0x66, 0xbe, 0x05, 0x9e, 0xae, 0x3c, 0x77, 0x9f, 0x4c, 0x3d,
  0x86, 0xf8, 0x73, 0x3d, 0xac, 0x64, 0xa9, 0xbd, 0x96, 0xc0, 0x5c, 0x3d,
  0x80, 0x4a, 0xf0, 0xbe, 0x54, 0x63, 0xc8, 0x3c, 0x3d, 0xc9, 0x94, 0xbe,
  0x4c, 0x3c, 0x01, 0xbf, 0x2f, 0x0c, 0x6a, 0x3e, 0xdb, 0x75, 0xe9, 0x3a,
  0xe5, 0x83, 0xb2, 0xbd, 0xc5, 0x59, 0xc7, 0x3d, 0x61, 0xf8, 0xa2, 0xbd,
  0x29, 0x2c, 0x18, 0xbd, 0x9c, 0x4d, 0x73, 0xbe, 0xa2, 0x36, 0x6b, 0xbe,
  0x6a, 0x80, 0xa6, 0x3d, 0x40, 0x1f, 0xe3, 0xbe, 0xc0, 0x6b, 0xfb, 0xbd,
  0xb5, 0xf3, 0x7c, 0xbe, 0x7e, 0xd7, 0x8a, 0x3e, 0x84, 0xe9, 0x66, 0xbe,
  0xa1, 0x55, 0x1b, 0xbe, 0x57, 0x81, 0xf8, 0x3a, 0x3b, 0x14, 0x3a, 0xbe,
  0xfd, 0x01, 0x56, 0xbe, 0xd8, 0x5a, 0x0d, 0xbe, 0x20, 0x67, 0x8c, 0xbe,
  0xdd, 0xfa, 0x28, 0x3f, 0x87, 0x08, 0x62, 0xbe, 0x02, 0x37, 0x19, 0x3f,
  0xc9, 0x35, 0xb1, 0x3e, 0x36, 0x30, 0x32, 0xbe, 0x8a, 0xa7, 0xbe, 0x3c,
  0x0b, 0xdd, 0x35, 0xbd, 0x01, 0x24, 0x96, 0x3c, 0xbb, 0x43, 0x1b, 0x3e,
  0xa6, 0x49, 0xf5, 0xbd, 0xb2, 0xa5, 0x58, 0xbd, 0x45, 0x22, 0x4d, 0x3e,
  0x76, 0x2d, 0xae, 0x3e, 0xf7, 0xdb, 0xc8, 0x3d, 0xb6, 0x65, 0x28, 0x3d,
  0xee, 0x5e, 0x14, 0xbb, 0x57, 0x48, 0x9e, 0xbd, 0x4e, 0x83, 0xde, 0xbc,
  0x1d, 0x27, 0xcf, 0xbd, 0x78, 0xa3, 0xca, 0x3c, 0xe3, 0xfa, 0x3c, 0x3d,
  0xac, 0xdb, 0x3b, 0xbe, 0x04, 0x37, 0xd5, 0xbe, 0x72, 0x5f, 0xd6, 0xbd,
  0xe0, 0xed, 0xca, 0x3c, 0xdc, 0x0b, 0xac, 0xbd, 0x91, 0x94, 0x48, 0xbd,
  0x9b, 0xe7, 0x3f, 0xbd, 0xd3, 0xfd, 0xe3, 0xbd, 0x09, 0x87, 0x3d, 0xbe,
  0x7c, 0xe4, 0x89, 0xbe, 0x0d, 0xa2, 0xc5, 0x3e, 0x9b, 0xbc, 0xd2, 0xbd,
  0x8c, 0x32, 0x81, 0xbd, 0x08, 0xc7, 0x97, 0xbd, 0x7f, 0x32, 0x4d, 0xbe,
  0xbd, 0xf3, 0x83, 0x3c, 0xfb, 0x1b, 0xd6, 0xbd, 0x39, 0x76, 0x6e, 0x3e,
  0x43, 0x7e, 0xaa, 0xbe, 0xe9, 0x86, 0xab, 0xbe, 0x97, 0x7b, 0xda, 0xbe,
  0xe9, 0x02, 0xd3, 0xba, 0x8a, 0x5e, 0x73, 0x3c, 0x4a, 0xa7, 0x94, 0xbd,
  0x1b, 0x16, 0x70, 0xbe, 0xd5, 0xca, 0xea, 0x3d, 0xad, 0x8f, 0x23, 0x3e,
  0xb0, 0x20, 0x8a, 0xbe, 0xe5, 0xe2, 0xb4, 0xbe, 0x60, 0xc2, 0x15, 0x3e,
  0x0e, 0x2c, 0x7b, 0xbe, 0x2c, 0x9e, 0x2c, 0xbd, 0x7c, 0x5a, 0x2d, 0xbe,
  0x79, 0xaa, 0x3b, 0x3e, 0x23, 0x36, 0xc8, 0xbd, 0x30, 0x78, 0x05, 0xbe,
  0xa5, 0xbe, 0x96, 0xbe, 0xb3, 0xab, 0x36, 0x3e, 0x0b, 0x39, 0x33, 0xbe,
  0x8f, 0x33, 0xe3, 0xbd, 0xc7, 0xbf, 0xa9, 0xbe, 0xec, 0x6b, 0x31, 0x3e,
  0x02, 0x67, 0x14, 0x3e, 0x78, 0x5c, 0x2b, 0xbe, 0xf8, 0x4d, 0xc3, 0xbd,
  0x40, 0xa2, 0x7e, 0x3d, 0x50, 0x09, 0x6d, 0xbd, 0x3b, 0x6b, 0x43, 0xbe,
  0x51, 0x27, 0x7c, 0x3e, 0x10, 0x75, 0x04, 0x3d, 0x48, 0xfb, 0x7a, 0xbe,
  0x39, 0xd7, 0x4b, 0xbe, 0x76, 0x4a, 0x20, 0xbe, 0xcc, 0x9d, 0x88, 0x3e,
  0xc0, 0x91, 0x69, 0x3e, 0x8b, 0xca, 0x22, 0x3e, 0x7f, 0xc2, 0xcd, 0x3e,
  0x71, 0x1c, 0x15, 0xbd, 0x2c, 0xbc, 0x8d, 0xbe, 0x5e, 0xf7, 0x9c, 0xbe,
  0xab, 0xd3, 0xc8, 0xbe, 0x66, 0xff, 0x3e, 0xbc, 0xda, 0x1f, 0xca, 0xbb,
  0xb1, 0x15, 0x69, 0x3c, 0x3b, 0x13, 0x85, 0x3d, 0xd3, 0xa1, 0x28, 0x3e,
  0xc5, 0x17, 0x33, 0xbe, 0x77, 0xa3, 0x9a, 0xbe, 0x1c, 0xd0, 0xad, 0xbe,
  0x69, 0x3d, 0x59, 0xbd, 0x15, 0x67, 0x38, 0xbd, 0x39, 0x90, 0x22, 0x3c,
  0xeb, 0xed, 0x75, 0xbe, 0x2e, 0x08, 0x61, 0xbd, 0x07, 0x31, 0x11, 0x3f,
  0x73, 0xe0, 0x1e, 0xbe, 0xa0, 0xce, 0x0f, 0xbe, 0x74, 0xec, 0xa6, 0xbe,
  0xb2, 0x20, 0x2f, 0xbe, 0x8b, 0x1b, 0x98, 0x3d, 0x52, 0x12, 0x91, 0xbe,
  0x7c, 0xec, 0x57, 0x3c, 0x6c, 0x40, 0xa6, 0xbe, 0xb9, 0x18, 0x99, 0xbe,
  0x69, 0x29, 0x1e, 0xbd, 0x7f, 0x01, 0xb6, 0xbd, 0x5c, 0xe6, 0x1e, 0xbd,
  0xf0, 0x0d, 0x41, 0x3c, 0x4e, 0x57, 0xa9, 0xbd, 0x07, 0x5e, 0x9b, 0x3e,
  0xff, 0xe6, 0x1e, 0x3d, 0x7d, 0xc2, 0xf1, 0x3d, 0xfd, 0xbf, 0x21, 0xbe,
  0xaa, 0x27, 0x1a, 0xbe, 0x82, 0xce, 0x38, 0x3e, 0x5c, 0x43, 0x04, 0xbe,
  0x1f, 0x62, 0x82, 0xbb, 0xd3, 0x8b, 0x97, 0x3e, 0x54, 0x4c, 0xe9, 0xbc,
  0x4c, 0xa8, 0x01, 0xbe, 0xf2, 0xfc, 0xbd, 0xbe, 0x2c, 0x81, 0x95, 0xbc,
  0x9c, 0x21, 0xa7, 0xbd, 0x1c, 0x97, 0x95, 0xbe, 0xbd, 0x89, 0x50, 0x3d,
  0x51, 0x92, 0xf0, 0xbd, 0xe1, 0x1d, 0x92, 0xbd, 0xdb, 0xc1, 0x5d, 0xbd,
  0x99, 0x91, 0x69, 0xbd, 0x17, 0xd3, 0xa5, 0xbd, 0xda, 0xee, 0xaf, 0xbc,
  0x86, 0xbd, 0x33, 0xbe, 0xc0, 0x1d, 0xf6, 0xbd, 0x2c, 0x21, 0xa7, 0xbd,
  0xd4, 0x67, 0xf5, 0x3e, 0x5c, 0xf3, 0x1f, 0xbe, 0xde, 0xed, 0x97, 0x3e,
  0x93, 0x42, 0x26, 0xbd, 0x17, 0x37, 0x87, 0xbe, 0x53, 0x2c, 0xf6, 0xbd,
  0xfb, 0x59, 0xc4, 0x3c, 0x03, 0xa6, 0x42, 0x3e, 0x10, 0x32, 0x29, 0x3d,
  0xb0, 0xb0, 0xa0, 0xbd, 0x40, 0xd6, 0x0c, 0xbc, 0xa2, 0x86, 0xb8, 0x3e,
  0x35, 0xc7, 0x9d, 0xbd, 0x82, 0xf0, 0x15, 0xbe, 0x2e, 0xb7, 0xb1, 0x3d,
  0x71, 0x85, 0x48, 0x3d, 0xc8, 0x3c, 0x92, 0xbc, 0xa7, 0xb1, 0x26, 0xbe,
  0x5f, 0x44, 0x4a, 0xbe, 0x2a, 0x83, 0xbe, 0x3d, 0x66, 0xed, 0xb4, 0xbd,
  0x03, 0x37, 0x38, 0xbe, 0xf4, 0x80, 0x35, 0xbd, 0xbd, 0x8f, 0x85, 0x3d,
  0xc5, 0xd9, 0x44, 0xbe, 0x23, 0x9c, 0x2f, 0xbe, 0x19, 0x5e, 0x50, 0xbe,
  0x66, 0xa3, 0xad, 0xbb, 0x4d, 0x5c, 0x9b, 0xbd, 0xcd, 0x72, 0x3f, 0xbe,
  0x00, 0xfc, 0x4e, 0xbf, 0x90, 0xfb, 0x5c, 0xbf, 0xfa, 0x3b, 0x54, 0x3a,
  0x57, 0xd5, 0x6e, 0xbe, 0x64, 0xd5, 0x71, 0xbd, 0x06, 0xb8, 0xb7, 0xbe,
  0x36, 0xf8, 0xfc, 0xbe, 0xa0, 0x91, 0x5a, 0xbd, 0xea, 0x61, 0x1c, 0xbf,
  0x37, 0x1d, 0xd1, 0xbe, 0x86, 0x24, 0x93, 0x3c, 0x42, 0x99, 0x9c, 0x3e,
  0x36, 0xa0, 0x54, 0x3c, 0x6b, 0xa0, 0xc8, 0xbd, 0x77, 0x48, 0x22, 0xbe,
  0xdc, 0xee, 0x7b, 0xbd, 0x6c, 0x2e, 0x42, 0xbf, 0xba, 0x2b, 0x53, 0xbd,
  0x44, 0xdb, 0x31, 0x3d, 0x26, 0x87, 0xbb, 0x3e, 0x08, 0x4a, 0x6f, 0xbd,
  0xb9, 0x54, 0x7f, 0x3e, 0x55, 0x52, 0x3a, 0x3e, 0xc7, 0x3e, 0xde, 0x3c,
  0x4f, 0x19, 0xc7, 0xbe, 0xb0, 0x45, 0xbd, 0x3d, 0x28, 0x82, 0x87, 0xbd,
  0x2c, 0x01, 0x1e, 0x3d, 0xdb, 0x28, 0x91, 0xbb, 0x33, 0x7a, 0xfd, 0x3e,
  0x09, 0x5f, 0xaf, 0x3e, 0x7c, 0xd6, 0xe0, 0x3d, 0x38, 0x00, 0x09, 0xbe,
  0xf9, 0xec, 0x7f, 0x3e, 0x62, 0x48, 0xc1, 0x3c, 0xcd, 0x09, 0x94, 0x3d,
  0x55, 0xdd, 0xa6, 0xbe, 0x9b, 0x47, 0x0d, 0xbe, 0x49, 0x59, 0xab, 0xbd,
  0xcd, 0x4b, 0x1d, 0xbe, 0x4d, 0xa4, 0xb2, 0xbe, 0x90, 0xd7, 0xaf, 0xbe,
  0xd2, 0xb1, 0xa4, 0xbe, 0xc2, 0x00, 0xab, 0x3b, 0x3d, 0x60, 0xca, 0xbe,
  0x34, 0x35, 0xd5, 0x3d, 0xc2, 0x74, 0x87, 0x3c, 0x32, 0xbd, 0xbe, 0xbd,
  0x60, 0x3c, 0xe7, 0xbd, 0x90, 0xf6, 0xec, 0x3d, 0xa9, 0xf0, 0xb2, 0x3c,
  0x9f, 0x90, 0xdf, 0xbc, 0x70, 0x92, 0xb9, 0xbe, 0xe6, 0x04, 0x71, 0xbd,
  0x39, 0x12, 0x7e, 0xbe, 0x33, 0x27, 0xc8, 0x3d, 0xbc, 0x40, 0x13, 0xbe,
  0xec, 0x1b, 0x31, 0xbd, 0x06, 0x56, 0x2e, 0xbe, 0x32, 0x76, 0x95, 0xbe,
  0xcb, 0xc4, 0xd4, 0x3c, 0x1f, 0x21, 0x37, 0xbe, 0xcd, 0xcb, 0x65, 0x3d,
  0xa5, 0x3f, 0x0a, 0xbe, 0x19, 0x73, 0x07, 0x3e, 0x84, 0x1e, 0xbe, 0xbd,
  0xa2, 0xd3, 0x82, 0xbe, 0x5e, 0x25, 0x4d, 0xbe, 0xfc, 0x1a, 0x35, 0xbe,
  0x95, 0x92, 0x91, 0xbd, 0xd5, 0x64, 0x97, 0xbc, 0x92, 0x6d, 0x37, 0xbe,
  0x06, 0x20, 0x99, 0xbd, 0x0c, 0x6c, 0x28, 0x3d, 0x52, 0x96, 0x82, 0xbe,
  0x7b, 0x47, 0x27, 0x3d, 0x1d, 0x1a, 0x40, 0xbe, 0xfd, 0x25, 0x16, 0x3e,
  0x97, 0x6d, 0xf7, 0x3d, 0x2b, 0x42, 0xe9, 0xbe, 0x3b, 0x75, 0x00, 0x3e,
  0x23, 0xf0, 0x8a, 0xbd, 0x06, 0x36, 0x86, 0xbd, 0xb4, 0xae, 0xd0, 0x3e,
  0xa1, 0x5d, 0x99, 0xbd, 0x4c, 0x0c, 0x3b, 0x3e, 0xd7, 0xe2, 0x93, 0x3e,
  0xae, 0x15, 0x0b, 0xbf, 0xcc, 0xcb, 0x96, 0xbc, 0xcb, 0x33, 0x88, 0xbe,
  0x2d, 0xad, 0xd3, 0x3e, 0x67, 0x8f, 0x97, 0x3d, 0x75, 0x54, 0x7f, 0x3e,
  0x40, 0xd8, 0x04, 0x3e, 0x8d, 0x38, 0x8d, 0xbc, 0x28, 0x8e, 0x0b, 0xbf,
  0xd6, 0x43, 0x5a, 0x3f, 0x5e, 0x6e, 0x9e, 0xbe, 0x21, 0x94, 0x5b, 0x3d,
  0x32, 0x4e, 0x3c, 0xbe, 0x73, 0x1f, 0x9f, 0xbc, 0x57, 0x05, 0x83, 0x3d,
  0x04, 0xe7, 0x44, 0xbe, 0x4e, 0xe4, 0x0b, 0x3b, 0xcd, 0xf3, 0x83, 0x3e,
  0x1e, 0x56, 0xd3, 0xbd, 0x05, 0x83, 0xa5, 0xbd, 0x57, 0x57, 0xfa, 0xbd,
  0x1c, 0x59, 0xc0, 0xbd, 0xee, 0xed, 0x2f, 0xbe, 0x7e, 0xbf, 0x2e, 0xbe,
  0x46, 0x88, 0xf5, 0x3d, 0xb6, 0xe4, 0x80, 0x3d, 0x2c, 0x95, 0x69, 0xbe,
  0xc3, 0x53, 0x96, 0x3d, 0xbc, 0x74, 0x6b, 0x3d, 0xa0, 0x04, 0xa4, 0xbd,
  0x3f, 0x6b, 0x82, 0xbe, 0x93, 0x4a, 0x69, 0xbe, 0xca, 0xaa, 0x2f, 0x3e,
  0x7f, 0x0f, 0xa3, 0xbc, 0x4e, 0xda, 0xf9, 0xbd, 0x22, 0xf3, 0xd1, 0xbc,
  0xe0, 0x98, 0x8b, 0x3d, 0x96, 0xc8, 0xbb, 0xbd, 0xa0, 0x8b, 0xa3, 0xbe,
  0x5d, 0x55, 0x19, 0xbe, 0x46, 0xeb, 0x27, 0xbc, 0x2e, 0x8a, 0x6b, 0xbe,
  0xb2, 0x9d, 0xdc, 0xbd, 0x87, 0xb1, 0x21, 0x3d, 0x89, 0x0b, 0x8e, 0xbe,
  0x9e, 0x14, 0x53, 0x3e, 0xe3, 0x86, 0x6d, 0xbe, 0x79, 0xdb, 0xc2, 0xbd,
  0x45, 0x73, 0xcb, 0xbd, 0x02, 0x62, 0x6b, 0xbe, 0xe7, 0xb4, 0xb3, 0x3e,
  0x81, 0x5d, 0x86, 0x3d, 0x55, 0xf6, 0x01, 0xbd, 0x44, 0xa8, 0x7f, 0x3e,
  0x5c, 0xec, 0x2d, 0xbd, 0xca, 0x8b, 0x0c, 0x3e, 0xc6, 0x7b, 0xc1, 0xbd,
  0xee, 0x54, 0x77, 0xbe, 0x6f, 0xcc, 0x87, 0x3e, 0x81, 0x69, 0xac, 0xbd,
  0xf2, 0x11, 0x29, 0xbe, 0x93, 0xea, 0xe9, 0xbb, 0x1f, 0x21, 0xc3, 0xbd,
  0xf1, 0x8c, 0x97, 0xbd, 0xc2, 0x2d, 0xa8, 0xbd, 0x1d, 0x1a, 0xd6, 0xbd,
  0x51, 0xf8, 0xa6, 0xbd, 0x94, 0x57, 0x00, 0x3e, 0x7b, 0x03, 0xc4, 0xbd,
  0x70, 0x20, 0x82, 0x3e, 0x4e, 0x64, 0x4a, 0xbd, 0x05, 0x7b, 0x1d, 0x3e,
  0x57, 0xeb, 0xab, 0xbd, 0x66, 0xfd, 0xff, 0xff, 0x04, 0x00, 0x00, 0x00,
  0x80, 0x01, 0x00, 0x00, 0xa7, 0xd2, 0x84, 0x3b, 0x31, 0xfb, 0xc0, 0xbe,
  0x31, 0xb7, 0x85, 0x3e, 0xc5, 0x6c, 0xdf, 0x3d, 0x1c, 0x6d, 0xa7, 0xbe,
  0x07, 0xb7, 0x9b, 0x3d, 0x8c, 0xa3, 0xf2, 0xbb, 0xc2, 0x0a, 0xb7, 0x3d,
  0xce, 0xe0, 0x0e, 0xbe, 0xdf, 0x8c, 0x3c, 0xbd, 0x1a, 0x39, 0xf0, 0x3e,
  0xf0, 0xdf, 0x9f, 0xbe, 0x9f, 0x0e, 0x21, 0x3d, 0x75, 0x0a, 0xbb, 0xbc,
  0x93, 0xe9, 0x09, 0xbf, 0x7a, 0xa0, 0xeb, 0x3c, 0x4f, 0x5a, 0x3e, 0xbd,
  0x92, 0xee, 0x98, 0xbd, 0xfe, 0x3b, 0x84, 0xbd, 0x9b, 0xf0, 0x1c, 0x3e,
  0x57, 0x1e, 0x16, 0x3e, 0xb4, 0xa9, 0x53, 0xbd, 0xbf, 0x67, 0xb8, 0xbd,
  0x50, 0x1e, 0x1d, 0xbf, 0xaa, 0x48, 0x4c, 0x3e, 0xd4, 0xc0, 0x54, 0xbd,
  0xd7, 0xe4, 0x20, 0xbe, 0x56, 0xb7, 0x80, 0x3e, 0x5e, 0x61, 0xed, 0x3d,
  0xa6, 0x7c, 0x04, 0x3e, 0xd1, 0x9d, 0x95, 0x3e, 0x2b, 0xdb, 0xee, 0xbd,
  0xa8, 0x94, 0x36, 0x3e, 0xf5, 0x5f, 0xfe, 0x3e, 0xa5, 0x65, 0x51, 0x3d,
  0x49, 0xca, 0xac, 0xbd, 0xb1, 0xfc, 0xf0, 0x3d, 0x98, 0x37, 0xc8, 0x3e,
  0x25, 0x01, 0xc9, 0xbd, 0xe9, 0x70, 0x1b, 0x3e, 0xe6, 0x9d, 0x99, 0xbc,
  0xf9, 0x56, 0x80, 0xbe, 0x92, 0x49, 0x1c, 0xbe, 0x38, 0x4b, 0x67, 0xbe,
  0x60, 0x72, 0x5f, 0x3e, 0x9e, 0x17, 0x07, 0xbd, 0x9b, 0xd1, 0x83, 0xbe,
  0xc3, 0x85, 0x45, 0x3e, 0x0f, 0x58, 0xc2, 0x3e, 0xd2, 0x41, 0x47, 0xbe,
  0x23, 0x7a, 0x73, 0x3e, 0xda, 0x9b, 0x02, 0x3e, 0xdb, 0x5c, 0xd5, 0x3d,
  0x6d, 0xd6, 0xc7, 0x3e, 0x7e, 0x82, 0xb2, 0x3e, 0xcd, 0xbd, 0xd1, 0xbd,
  0xd2, 0x35, 0xd2, 0x3b, 0x17, 0x8d, 0x37, 0x3e, 0x2b, 0x64, 0x56, 0x3d,
  0x9d, 0x82, 0xd1, 0xbc, 0x66, 0xc3, 0x8e, 0x3d, 0xf3, 0x92, 0xbb, 0xbb,
  0x41, 0x6e, 0x13, 0xbe, 0xad, 0xb3, 0x24, 0xbe, 0x58, 0x08, 0x38, 0xbd,
  0xd4, 0xe7, 0xd0, 0xbd, 0xbc, 0x16, 0x37, 0xbe, 0xab, 0xb8, 0x8b, 0xbd,
  0x26, 0x95, 0x23, 0xbe, 0xf0, 0x71, 0x75, 0xbe, 0x23, 0xf3, 0xde, 0xbc,
  0x81, 0xf1, 0x85, 0xbc, 0x53, 0x87, 0x25, 0x3d, 0xdc, 0x99, 0xbe, 0x3d,
  0xa2, 0x1d, 0x6e, 0xbe, 0xa0, 0xb3, 0x1c, 0xbd, 0x6d, 0x06, 0xe8, 0x3a,
  0x65, 0x9a, 0x15, 0x3e, 0x4c, 0xf8, 0xc0, 0x3d, 0xde, 0xba, 0xa2, 0xbd,
  0xe2, 0x70, 0x05, 0xbf, 0x98, 0x51, 0x4e, 0x3d, 0x67, 0x36, 0x08, 0xbe,
  0xb9, 0x64, 0x8a, 0x3e, 0x86, 0x68, 0x7f, 0x3d, 0x1a, 0x85, 0xc3, 0xba,
  0x45, 0x23, 0x1d, 0xbe, 0x8f, 0x64, 0x89, 0xbd, 0x5f, 0x4d, 0x34, 0xbd,
  0x50, 0x26, 0x58, 0x3e, 0xc2, 0x6a, 0x3d, 0x3c, 0x17, 0x94, 0x2d, 0x3e,
  0x9e, 0xf6, 0x77, 0x3e, 0x25, 0xe1, 0x82, 0x3d, 0x69, 0x94, 0x4d, 0x3e,
  0x67, 0x76, 0x59, 0x3e, 0xf2, 0xfe, 0xff, 0xff, 0x04, 0x00, 0x00, 0x00,
  0x40, 0x00, 0x00, 0x00, 0x28, 0xa6, 0x0c, 0xbe, 0xaa, 0xf3, 0x5f, 0x3f,
  0x79, 0xd3, 0xf8, 0xbe, 0xde, 0x35, 0xda, 0x3d, 0x38, 0x80, 0xb4, 0x3d,
  0x5f, 0xb3, 0xb9, 0xbe, 0x22, 0x62, 0xe2, 0x3c, 0x0e, 0x7a, 0xcb, 0xbd,
  0x85, 0xce, 0x7d, 0xbe, 0xff, 0x57, 0x51, 0x3e, 0x42, 0x0c, 0x0b, 0x3f,
  0xa2, 0xce, 0xb0, 0x3d, 0x1f, 0x01, 0x6a, 0x3d, 0x83, 0xf5, 0x0e, 0x3f,
  0xb3, 0xed, 0x63, 0xbe, 0x58, 0x0b, 0xab, 0xbd, 0x3e, 0xff, 0xff, 0xff,
  0x04, 0x00, 0x00, 0x00, 0x20, 0x00, 0x00, 0x00, 0x2a, 0x07, 0xd7, 0xbe,
  0x31, 0x4d, 0x09, 0x3d, 0x01, 0xd5, 0x83, 0xbf, 0xbb, 0x68, 0x13, 0xbf,
  0xa9, 0xf1, 0xce, 0xbe, 0x7b, 0x4b, 0x01, 0xc0, 0x49, 0x4f, 0x0f, 0xbf,
  0xba, 0x1b, 0xef, 0xbf, 0xc4, 0xf5, 0xff, 0xff, 0xc8, 0xf5, 0xff, 0xff,
  0x0f, 0x00, 0x00, 0x00, 0x4d, 0x4c, 0x49, 0x52, 0x20, 0x43, 0x6f, 0x6e,
  0x76, 0x65, 0x72, 0x74, 0x65, 0x64, 0x2e, 0x00, 0x01, 0x00, 0x00, 0x00,
  0x14, 0x00, 0x00, 0x00, 0x00, 0x00, 0x0e, 0x00, 0x18, 0x00, 0x14, 0x00,
  0x10, 0x00, 0x0c, 0x00, 0x08, 0x00, 0x04, 0x00, 0x0e, 0x00, 0x00, 0x00,
  0x14, 0x00, 0x00, 0x00, 0x1c, 0x00, 0x00, 0x00, 0x58, 0x02, 0x00, 0x00,
  0x5c, 0x02, 0x00, 0x00, 0x60, 0x02, 0x00, 0x00, 0x04, 0x00, 0x00, 0x00,
  0x6d, 0x61, 0x69, 0x6e, 0x00, 0x00, 0x00, 0x00, 0x08, 0x00, 0x00, 0x00,
  0xf4, 0x01, 0x00, 0x00, 0x90, 0x01, 0x00, 0x00, 0x40, 0x01, 0x00, 0x00,
  0xf0, 0x00, 0x00, 0x00, 0xc8, 0x00, 0x00, 0x00, 0x78, 0x00, 0x00, 0x00,
  0x40, 0x00, 0x00, 0x00, 0x04, 0x00, 0x00, 0x00, 0x9a, 0xfe, 0xff, 0xff,
  0x1c, 0x00, 0x00, 0x00, 0x00, 0x00, 0x00, 0x09, 0x1c, 0x00, 0x00, 0x00,
  0x20, 0x00, 0x00, 0x00, 0x04, 0x00, 0x00, 0x00, 0x00, 0x00, 0x06, 0x00,
  0x08, 0x00, 0x04, 0x00, 0x06, 0x00, 0x00, 0x00, 0x00, 0x00, 0x80, 0x3f,
  0x01, 0x00, 0x00, 0x00, 0x11, 0x00, 0x00, 0x00, 0x01, 0x00, 0x00, 0x00,
  0x10, 0x00, 0x00, 0x00, 0xd2, 0xfe, 0xff, 0xff, 0x14, 0x00, 0x00, 0x00,
  0x00, 0x00, 0x00, 0x08, 0x10, 0x00, 0x00, 0x00, 0x14, 0x00, 0x00, 0x00,
  0x03, 0x00, 0x00, 0x00, 0x90, 0xf6, 0xff, 0xff, 0x01, 0x00, 0x00, 0x00,
  0x10, 0x00, 0x00, 0x00, 0x03, 0x00, 0x00, 0x00, 0x0f, 0x00, 0x00, 0x00,
  0x09, 0x00, 0x00, 0x00, 0x06, 0x00, 0x00, 0x00, 0x06, 0xff, 0xff, 0xff,
  0x1c, 0x00, 0x00, 0x00, 0x00, 0x00, 0x00, 0x08, 0x1c, 0x00, 0x00, 0x00,
  0x20, 0x00, 0x00, 0x00, 0x03, 0x00, 0x00, 0x00, 0x00, 0x00, 0x06, 0x00,
  0x08, 0x00, 0x07, 0x00, 0x06, 0x00, 0x00, 0x00, 0x00, 0x00, 0x00, 0x01,
  0x01, 0x00, 0x00, 0x00, 0x0f, 0x00, 0x00, 0x00, 0x03, 0x00, 0x00, 0x00,
  0x0e, 0x00, 0x00, 0x00, 0x08, 0x00, 0x00, 0x00, 0x05, 0x00, 0x00, 0x00,
  0x00, 0x00, 0x0a, 0x00, 0x10, 0x00, 0x0c, 0x00, 0x08, 0x00, 0x04, 0x00,
  0x0a, 0x00, 0x00, 0x00, 0x0c, 0x00, 0x00, 0x00, 0x10, 0x00, 0x00, 0x00,
  0x02, 0x00, 0x00, 0x00, 0x01, 0x00, 0x00, 0x00, 0x0e, 0x00, 0x00, 0x00,
  0x02, 0x00, 0x00, 0x00, 0x0d, 0x00, 0x00, 0x00, 0x07, 0x00, 0x00, 0x00,
  0x76, 0xff, 0xff, 0xff, 0x24, 0x00, 0x00, 0x00, 0x00, 0x00, 0x00, 0x05,
  0x30, 0x00, 0x00, 0x00, 0x34, 0x00, 0x00, 0x00, 0x01, 0x00, 0x00, 0x00,
  0x00, 0x00, 0x0e, 0x00, 0x14, 0x00, 0x00, 0x00, 0x10, 0x00, 0x0c, 0x00,
  0x08, 0x00, 0x04, 0x00, 0x0e, 0x00, 0x00, 0x00, 0x03, 0x00, 0x00, 0x00,
  0x01, 0x00, 0x00, 0x00, 0x03, 0x00, 0x00, 0x00, 0x01, 0x00, 0x00, 0x00,
  0x01, 0x00, 0x00, 0x00, 0x0d, 0x00, 0x00, 0x00, 0x01, 0x00, 0x00, 0x00,
  0x0c, 0x00, 0x00, 0x00, 0x62, 0xff, 0xff, 0xff, 0x10, 0x00, 0x00, 0x00,
  0x00, 0x00, 0x00, 0x01, 0x18, 0x00, 0x00, 0x00, 0x1c, 0x00, 0x00, 0x00,
  0x54, 0xff, 0xff, 0xff, 0x00, 0x00, 0x00, 0x01, 0x01, 0x00, 0x00, 0x00,
  0x01, 0x00, 0x00, 0x00, 0x01, 0x00, 0x00, 0x00, 0x0c, 0x00, 0x00, 0x00,
  0x03, 0x00, 0x00, 0x00, 0x0b, 0x00, 0x00, 0x00, 0x04, 0x00, 0x00, 0x00,
  0x02, 0x00, 0x00, 0x00, 0x00, 0x00, 0x0e, 0x00, 0x1a, 0x00, 0x14, 0x00,
  0x10, 0x00, 0x0c, 0x00, 0x0b, 0x00, 0x04, 0x00, 0x0e, 0x00, 0x00, 0x00,
  0x24, 0x00, 0x00, 0x00, 0x00, 0x00, 0x00, 0x05, 0x34, 0x00, 0x00, 0x00,
  0x38, 0x00, 0x00, 0x00, 0x01, 0x00, 0x00, 0x00, 0x00, 0x00, 0x0e, 0x00,
  0x18, 0x00, 0x17, 0x00, 0x10, 0x00, 0x0c, 0x00, 0x08, 0x00, 0x04, 0x00,
  0x0e, 0x00, 0x00, 0x00, 0x03, 0x00, 0x00, 0x00, 0x03, 0x00, 0x00, 0x00,
  0x03, 0x00, 0x00, 0x00, 0x03, 0x00, 0x00, 0x00, 0x00, 0x00, 0x00, 0x01,
  0x01, 0x00, 0x00, 0x00, 0x0b, 0x00, 0x00, 0x00, 0x01, 0x00, 0x00, 0x00,
  0x0a, 0x00, 0x00, 0x00, 0x00, 0x00, 0x0e, 0x00, 0x14, 0x00, 0x00, 0x00,
  0x10, 0x00, 0x0c, 0x00, 0x0b, 0x00, 0x04, 0x00, 0x0e, 0x00, 0x00, 0x00,
  0x1c, 0x00, 0x00, 0x00, 0x00, 0x00, 0x00, 0x01, 0x24, 0x00, 0x00, 0x00,
  0x28, 0x00, 0x00, 0x00, 0x0c, 0x00, 0x10, 0x00, 0x00, 0x00, 0x0c, 0x00,
  0x08, 0x00, 0x07, 0x00, 0x0c, 0x00, 0x00, 0x00, 0x00, 0x00, 0x00, 0x01,
  0x01, 0x00, 0x00, 0x00, 0x01, 0x00, 0x00, 0x00, 0x01, 0x00, 0x00, 0x00,
  0x0a, 0x00, 0x00, 0x00, 0x03, 0x00, 0x00, 0x00, 0x00, 0x00, 0x00, 0x00,
  0x03, 0x00, 0x00, 0x00, 0x01, 0x00, 0x00, 0x00, 0x01, 0x00, 0x00, 0x00,
  0x11, 0x00, 0x00, 0x00, 0x01, 0x00, 0x00, 0x00, 0x00, 0x00, 0x00, 0x00,
  0x12, 0x00, 0x00, 0x00, 0x60, 0x07, 0x00, 0x00, 0xf0, 0x06, 0x00, 0x00,
  0x80, 0x06, 0x00, 0x00, 0x2c, 0x06, 0x00, 0x00, 0xd8, 0x05, 0x00, 0x00,
  0x84, 0x05, 0x00, 0x00, 0x2c, 0x05, 0x00, 0x00, 0xe0, 0x04, 0x00, 0x00,
  0x80, 0x04, 0x00, 0x00, 0x34, 0x04, 0x00, 0x00, 0x70, 0x03, 0x00, 0x00,
  0xfc, 0x02, 0x00, 0x00, 0x30, 0x02, 0x00, 0x00, 0xbc, 0x01, 0x00, 0x00,
  0x60, 0x01, 0x00, 0x00, 0xd8, 0x00, 0x00, 0x00, 0x60, 0x00, 0x00, 0x00,
  0x04, 0x00, 0x00, 0x00, 0xfe, 0xf8, 0xff, 0xff, 0x00, 0x00, 0x00, 0x01,
  0x14, 0x00, 0x00, 0x00, 0x1c, 0x00, 0x00, 0x00, 0x1c, 0x00, 0x00, 0x00,
  0x12, 0x00, 0x00, 0x00, 0x34, 0x00, 0x00, 0x00, 0x02, 0x00, 0x00, 0x00,
  0xff, 0xff, 0xff, 0xff, 0x04, 0x00, 0x00, 0x00, 0xe0, 0xf8, 0xff, 0xff,
  0x19, 0x00, 0x00, 0x00, 0x53, 0x74, 0x61, 0x74, 0x65, 0x66, 0x75, 0x6c,
  0x50, 0x61, 0x72, 0x74, 0x69, 0x74, 0x69, 0x6f, 0x6e, 0x65, 0x64, 0x43,
  0x61, 0x6c, 0x6c, 0x3a, 0x30, 0x00, 0x00, 0x00, 0x02, 0x00, 0x00, 0x00,
  0x01, 0x00, 0x00, 0x00, 0x04, 0x00, 0x00, 0x00, 0x56, 0xf9, 0xff, 0xff,
  0x00, 0x00, 0x00, 0x01, 0x14, 0x00, 0x00, 0x00, 0x1c, 0x00, 0x00, 0x00,
  0x1c, 0x00, 0x00, 0x00, 0x11, 0x00, 0x00, 0x00, 0x50, 0x00, 0x00, 0x00,
  0x02, 0x00, 0x00, 0x00, 0xff, 0xff, 0xff, 0xff, 0x04, 0x00, 0x00, 0x00,
  0x38, 0xf9, 0xff, 0xff, 0x34, 0x00, 0x00, 0x00, 0x73, 0x65, 0x71, 0x75,
  0x65, 0x6e, 0x74, 0x69, 0x61, 0x6c, 0x2f, 0x64, 0x65, 0x6e, 0x73, 0x65,
  0x5f, 0x31, 0x2f, 0x4d, 0x61, 0x74, 0x4d, 0x75, 0x6c, 0x3b, 0x73, 0x65,
  0x71, 0x75, 0x65, 0x6e, 0x74, 0x69, 0x61, 0x6c, 0x2f, 0x64, 0x65, 0x6e,
  0x73, 0x65, 0x5f, 0x31, 0x2f, 0x42, 0x69, 0x61, 0x73, 0x41, 0x64, 0x64,
  0x00, 0x00, 0x00, 0x00, 0x02, 0x00, 0x00, 0x00, 0x01, 0x00, 0x00, 0x00,
  0x04, 0x00, 0x00, 0x00, 0xca, 0xf9, 0xff, 0xff, 0x00, 0x00, 0x00, 0x01,
  0x14, 0x00, 0x00, 0x00, 0x1c, 0x00, 0x00, 0x00, 0x1c, 0x00, 0x00, 0x00,
  0x10, 0x00, 0x00, 0x00, 0x60, 0x00, 0x00, 0x00, 0x02, 0x00, 0x00, 0x00,
  0xff, 0xff, 0xff, 0xff, 0x10, 0x00, 0x00, 0x00, 0xac, 0xf9, 0xff, 0xff,
  0x46, 0x00, 0x00, 0x00, 0x73, 0x65, 0x71, 0x75, 0x65, 0x6e, 0x74, 0x69,
  0x61, 0x6c, 0x2f, 0x64, 0x65, 0x6e, 0x73, 0x65, 0x2f, 0x4d, 0x61, 0x74,
  0x4d, 0x75, 0x6c, 0x3b, 0x73, 0x65, 0x71, 0x75, 0x65, 0x6e, 0x74, 0x69,
  0x61, 0x6c, 0x2f, 0x64, 0x65, 0x6e, 0x73, 0x65, 0x2f, 0x52, 0x65, 0x6c,
  0x75, 0x3b, 0x73, 0x65, 0x71, 0x75, 0x65, 0x6e, 0x74, 0x69, 0x61, 0x6c,
  0x2f, 0x64, 0x65, 0x6e, 0x73, 0x65, 0x2f, 0x42, 0x69, 0x61, 0x73, 0x41,
  0x64, 0x64, 0x00, 0x00, 0x02, 0x00, 0x00, 0x00, 0x01, 0x00, 0x00, 0x00,
  0x10, 0x00, 0x00, 0x00, 0x4e, 0xfa, 0xff, 0xff, 0x00, 0x00, 0x00, 0x01,
  0x14, 0x00, 0x00, 0x00, 0x1c, 0x00, 0x00, 0x00, 0x1c, 0x00, 0x00, 0x00,
  0x0f, 0x00, 0x00, 0x00, 0x34, 0x00, 0x00, 0x00, 0x02, 0x00, 0x00, 0x00,
  0xff, 0xff, 0xff, 0xff, 0xe0, 0x00, 0x00, 0x00, 0x30, 0xfa, 0xff, 0xff,
  0x1a, 0x00, 0x00, 0x00, 0x73, 0x65, 0x71, 0x75, 0x65, 0x6e, 0x74, 0x69,
  0x61, 0x6c, 0x2f, 0x66, 0x6c, 0x61, 0x74, 0x74, 0x65, 0x6e, 0x2f, 0x52,
  0x65, 0x73, 0x68, 0x61, 0x70, 0x65, 0x00, 0x00, 0x02, 0x00, 0x00, 0x00,
  0x01, 0x00, 0x00, 0x00, 0xe0, 0x00, 0x00, 0x00, 0xa6, 0xfa, 0xff, 0xff,
  0x00, 0x00, 0x00, 0x01, 0x14, 0x00, 0x00, 0x00, 0x24, 0x00, 0x00, 0x00,
  0x24, 0x00, 0x00, 0x00, 0x0e, 0x00, 0x00, 0x00, 0x44, 0x00, 0x00, 0x00,
  0x04, 0x00, 0x00, 0x00, 0xff, 0xff, 0xff, 0xff, 0x0e, 0x00, 0x00, 0x00,
  0x01, 0x00, 0x00, 0x00, 0x10, 0x00, 0x00, 0x00, 0x90, 0xfa, 0xff, 0xff,
  0x22, 0x00, 0x00, 0x00, 0x73, 0x65, 0x71, 0x75, 0x65, 0x6e, 0x74, 0x69,
  0x61, 0x6c, 0x2f, 0x6d, 0x61, 0x78, 0x5f, 0x70, 0x6f, 0x6f, 0x6c, 0x69,
  0x6e, 0x67, 0x32, 0x64, 0x5f, 0x31, 0x2f, 0x4d, 0x61, 0x78, 0x50, 0x6f,
  0x6f, 0x6c, 0x00, 0x00, 0x04, 0x00, 0x00, 0x00, 0x01, 0x00, 0x00, 0x00,
  0x0e, 0x00, 0x00, 0x00, 0x01, 0x00, 0x00, 0x00, 0x10, 0x00, 0x00, 0x00,
  0x16, 0xfb, 0xff, 0xff, 0x00, 0x00, 0x00, 0x01, 0x14, 0x00, 0x00, 0x00,
  0x24, 0x00, 0x00, 0x00, 0x24, 0x00, 0x00, 0x00, 0x0d, 0x00, 0x00, 0x00,
  0x9c, 0x00, 0x00, 0x00, 0x04, 0x00, 0x00, 0x00, 0xff, 0xff, 0xff, 0xff,
  0x2a, 0x00, 0x00, 0x00, 0x01, 0x00, 0x00, 0x00, 0x10, 0x00, 0x00, 0x00,
  0x00, 0xfb, 0xff, 0xff, 0x7a, 0x00, 0x00, 0x00, 0x73, 0x65, 0x71, 0x75,
  0x65, 0x6e, 0x74, 0x69, 0x61, 0x6c, 0x2f, 0x63, 0x6f, 0x6e, 0x76, 0x32,
  0x64, 0x5f, 0x31, 0x2f, 0x52, 0x65, 0x6c, 0x75, 0x3b, 0x73, 0x65, 0x71,
  0x75, 0x65, 0x6e, 0x74, 0x69, 0x61, 0x6c, 0x2f, 0x63, 0x6f, 0x6e, 0x76,
  0x32, 0x64, 0x5f, 0x31, 0x2f, 0x42, 0x69, 0x61, 0x73, 0x41, 0x64, 0x64,
  0x3b, 0x73, 0x65, 0x71, 0x75, 0x65, 0x6e, 0x74, 0x69, 0x61, 0x6c, 0x2f,
  0x63, 0x6f, 0x6e, 0x76, 0x32, 0x64, 0x5f, 0x31, 0x2f, 0x43, 0x6f, 0x6e,
  0x76, 0x32, 0x44, 0x3b, 0x73, 0x65, 0x71, 0x75, 0x65, 0x6e, 0x74, 0x69,
  0x61, 0x6c, 0x2f, 0x63, 0x6f, 0x6e, 0x76, 0x32, 0x64, 0x5f, 0x31, 0x2f,
  0x42, 0x69, 0x61, 0x73, 0x41, 0x64, 0x64, 0x2f, 0x52, 0x65, 0x61, 0x64,
  0x56, 0x61, 0x72, 0x69, 0x61, 0x62, 0x6c, 0x65, 0x4f, 0x70, 0x00, 0x00,
  0x04, 0x00, 0x00, 0x00, 0x01, 0x00, 0x00, 0x00, 0x2a, 0x00, 0x00, 0x00,
  0x01, 0x00, 0x00, 0x00, 0x10, 0x00, 0x00, 0x00, 0xde, 0xfb, 0xff, 0xff,
  0x00, 0x00, 0x00, 0x01, 0x14, 0x00, 0x00, 0x00, 0x24, 0x00, 0x00, 0x00,
  0x24, 0x00, 0x00, 0x00, 0x0c, 0x00, 0x00, 0x00, 0x44, 0x00, 0x00, 0x00,
  0x04, 0x00, 0x00, 0x00, 0xff, 0xff, 0xff, 0xff, 0x2a, 0x00, 0x00, 0x00,
  0x01, 0x00, 0x00, 0x00, 0x08, 0x00, 0x00, 0x00, 0xc8, 0xfb, 0xff, 0xff,
  0x20, 0x00, 0x00, 0x00, 0x73, 0x65, 0x71, 0x75, 0x65, 0x6e, 0x74, 0x69,
  0x61, 0x6c, 0x2f, 0x6d, 0x61, 0x78, 0x5f, 0x70, 0x6f, 0x6f, 0x6c, 0x69,
  0x6e, 0x67, 0x32, 0x64, 0x2f, 0x4d, 0x61, 0x78, 0x50, 0x6f, 0x6f, 0x6c,
  0x00, 0x00, 0x00, 0x00, 0x04, 0x00, 0x00, 0x00, 0x01, 0x00, 0x00, 0x00,
  0x2a, 0x00, 0x00, 0x00, 0x01, 0x00, 0x00, 0x00, 0x08, 0x00, 0x00, 0x00,
  0x4e, 0xfc, 0xff, 0xff, 0x00, 0x00, 0x00, 0x01, 0x14, 0x00, 0x00, 0x00,
  0x24, 0x00, 0x00, 0x00, 0x24, 0x00, 0x00, 0x00, 0x0b, 0x00, 0x00, 0x00,
  0x94, 0x00, 0x00, 0x00, 0x04, 0x00, 0x00, 0x00, 0xff, 0xff, 0xff, 0xff,
  0x80, 0x00, 0x00, 0x00, 0x03, 0x00, 0x00, 0x00, 0x08, 0x00, 0x00, 0x00,
  0x38, 0xfc, 0xff, 0xff, 0x72, 0x00, 0x00, 0x00, 0x73, 0x65, 0x71, 0x75,
  0x65, 0x6e, 0x74, 0x69, 0x61, 0x6c, 0x2f, 0x63, 0x6f, 0x6e, 0x76, 0x32,
  0x64, 0x2f, 0x52, 0x65, 0x6c, 0x75, 0x3b, 0x73, 0x65, 0x71, 0x75, 0x65,
  0x6e, 0x74, 0x69, 0x61, 0x6c, 0x2f, 0x63, 0x6f, 0x6e, 0x76, 0x32, 0x64,
  0x2f, 0x42, 0x69, 0x61, 0x73, 0x41, 0x64, 0x64, 0x3b, 0x73, 0x65, 0x71,
  0x75, 0x65, 0x6e, 0x74, 0x69, 0x61, 0x6c, 0x2f, 0x63, 0x6f, 0x6e, 0x76,
  0x32, 0x64, 0x2f, 0x43, 0x6f, 0x6e, 0x76, 0x32, 0x44, 0x3b, 0x73, 0x65,
  0x71, 0x75, 0x65, 0x6e, 0x74, 0x69, 0x61, 0x6c, 0x2f, 0x63, 0x6f, 0x6e,
  0x76, 0x32, 0x64, 0x2f, 0x42, 0x69, 0x61, 0x73, 0x41, 0x64, 0x64, 0x2f,
  0x52, 0x65, 0x61, 0x64, 0x56, 0x61, 0x72, 0x69, 0x61, 0x62, 0x6c, 0x65,
  0x4f, 0x70, 0x00, 0x00, 0x04, 0x00, 0x00, 0x00, 0x01, 0x00, 0x00, 0x00,
  0x80, 0x00, 0x00, 0x00, 0x03, 0x00, 0x00, 0x00, 0x08, 0x00, 0x00, 0x00,
  0x7a, 0xfd, 0xff, 0xff, 0x00, 0x00, 0x00, 0x01, 0x10, 0x00, 0x00, 0x00,
  0x10, 0x00, 0x00, 0x00, 0x0a, 0x00, 0x00, 0x00, 0x28, 0x00, 0x00, 0x00,
  0xe0, 0xfc, 0xff, 0xff, 0x19, 0x00, 0x00, 0x00, 0x73, 0x65, 0x71, 0x75,
  0x65, 0x6e, 0x74, 0x69, 0x61, 0x6c, 0x2f, 0x64, 0x65, 0x6e, 0x73, 0x65,
  0x5f, 0x31, 0x2f, 0x4d, 0x61, 0x74, 0x4d, 0x75, 0x6c, 0x00, 0x00, 0x00,
  0x02, 0x00, 0x00, 0x00, 0x04, 0x00, 0x00, 0x00, 0x10, 0x00, 0x00, 0x00,
  0xc2, 0xfd, 0xff, 0xff, 0x00, 0x00, 0x00, 0x01, 0x10, 0x00, 0x00, 0x00,
  0x10, 0x00, 0x00, 0x00, 0x09, 0x00, 0x00, 0x00, 0x24, 0x00, 0x00, 0x00,
  0x28, 0xfd, 0xff, 0xff, 0x17, 0x00, 0x00, 0x00, 0x73, 0x65, 0x71, 0x75,
  0x65, 0x6e, 0x74, 0x69, 0x61, 0x6c, 0x2f, 0x64, 0x65, 0x6e, 0x73, 0x65,
  0x2f, 0x4d, 0x61, 0x74, 0x4d, 0x75, 0x6c, 0x00, 0x02, 0x00, 0x00, 0x00,
  0x10, 0x00, 0x00, 0x00, 0xe0, 0x00, 0x00, 0x00, 0x00, 0x00, 0x16, 0x00,
  0x1c, 0x00, 0x18, 0x00, 0x17, 0x00, 0x10, 0x00, 0x0c, 0x00, 0x08, 0x00,
  0x00, 0x00, 0x00, 0x00, 0x00, 0x00, 0x07, 0x00, 0x16, 0x00, 0x00, 0x00,
  0x00, 0x00, 0x00, 0x01, 0x14, 0x00, 0x00, 0x00, 0x14, 0x00, 0x00, 0x00,
  0x08, 0x00, 0x00, 0x00, 0x00, 0x00, 0x00, 0x02, 0x28, 0x00, 0x00, 0x00,
  0x88, 0xfd, 0xff, 0xff, 0x18, 0x00, 0x00, 0x00, 0x73, 0x65, 0x71, 0x75,
  0x65, 0x6e, 0x74, 0x69, 0x61, 0x6c, 0x2f, 0x66, 0x6c, 0x61, 0x74, 0x74,
  0x65, 0x6e, 0x2f, 0x43, 0x6f, 0x6e, 0x73, 0x74, 0x00, 0x00, 0x00, 0x00,
  0x01, 0x00, 0x00, 0x00, 0x02, 0x00, 0x00, 0x00, 0x66, 0xfe, 0xff, 0xff,
  0x00, 0x00, 0x00, 0x01, 0x10, 0x00, 0x00, 0x00, 0x10, 0x00, 0x00, 0x00,
  0x07, 0x00, 0x00, 0x00, 0x38, 0x00, 0x00, 0x00, 0xcc, 0xfd, 0xff, 0xff,
  0x29, 0x00, 0x00, 0x00, 0x73, 0x65, 0x71, 0x75, 0x65, 0x6e, 0x74, 0x69,
  0x61, 0x6c, 0x2f, 0x64, 0x65, 0x6e, 0x73, 0x65, 0x5f, 0x31, 0x2f, 0x42,
  0x69, 0x61, 0x73, 0x41, 0x64, 0x64, 0x2f, 0x52, 0x65, 0x61, 0x64, 0x56,
  0x61, 0x72, 0x69, 0x61, 0x62, 0x6c, 0x65, 0x4f, 0x70, 0x00, 0x00, 0x00,
  0x01, 0x00, 0x00, 0x00, 0x04, 0x00, 0x00, 0x00, 0xba, 0xfe, 0xff, 0xff,
  0x00, 0x00, 0x00, 0x01, 0x10, 0x00, 0x00, 0x00, 0x10, 0x00, 0x00, 0x00,
  0x06, 0x00, 0x00, 0x00, 0x34, 0x00, 0x00, 0x00, 0x20, 0xfe, 0xff, 0xff,
  0x27, 0x00, 0x00, 0x00, 0x73, 0x65, 0x71, 0x75, 0x65, 0x6e, 0x74, 0x69,
  0x61, 0x6c, 0x2f, 0x64, 0x65, 0x6e, 0x73, 0x65, 0x2f, 0x42, 0x69, 0x61,
  0x73, 0x41, 0x64, 0x64, 0x2f, 0x52, 0x65, 0x61, 0x64, 0x56, 0x61, 0x72,
  0x69, 0x61, 0x62, 0x6c, 0x65, 0x4f, 0x70, 0x00, 0x01, 0x00, 0x00, 0x00,
  0x10, 0x00, 0x00, 0x00, 0x0a, 0xff, 0xff, 0xff, 0x00, 0x00, 0x00, 0x01,
  0x10, 0x00, 0x00, 0x00, 0x10, 0x00, 0x00, 0x00, 0x05, 0x00, 0x00, 0x00,
  0x28, 0x00, 0x00, 0x00, 0x70, 0xfe, 0xff, 0xff, 0x1a, 0x00, 0x00, 0x00,
  0x73, 0x65, 0x71, 0x75, 0x65, 0x6e, 0x74, 0x69, 0x61, 0x6c, 0x2f, 0x63,
  0x6f, 0x6e, 0x76, 0x32, 0x64, 0x5f, 0x31, 0x2f, 0x43, 0x6f, 0x6e, 0x76,
  0x32, 0x44, 0x00, 0x00, 0x04, 0x00, 0x00, 0x00, 0x10, 0x00, 0x00, 0x00,
  0x04, 0x00, 0x00, 0x00, 0x01, 0x00, 0x00, 0x00, 0x08, 0x00, 0x00, 0x00,
  0x5a, 0xff, 0xff, 0xff, 0x00, 0x00, 0x00, 0x01, 0x10, 0x00, 0x00, 0x00,
  0x10, 0x00, 0x00, 0x00, 0x04, 0x00, 0x00, 0x00, 0x28, 0x00, 0x00, 0x00,
  0xc0, 0xfe, 0xff, 0xff, 0x18, 0x00, 0x00, 0x00, 0x73, 0x65, 0x71, 0x75,
  0x65, 0x6e, 0x74, 0x69, 0x61, 0x6c, 0x2f, 0x63, 0x6f, 0x6e, 0x76, 0x32,
  0x64, 0x2f, 0x43, 0x6f, 0x6e, 0x76, 0x32, 0x44, 0x00, 0x00, 0x00, 0x00,
  0x04, 0x00, 0x00, 0x00, 0x08, 0x00, 0x00, 0x00, 0x04, 0x00, 0x00, 0x00,
  0x03, 0x00, 0x00, 0x00, 0x01, 0x00, 0x00, 0x00, 0xaa, 0xff, 0xff, 0xff,
  0x00, 0x00, 0x00, 0x01, 0x10, 0x00, 0x00, 0x00, 0x10, 0x00, 0x00, 0x00,
  0x03, 0x00, 0x00, 0x00, 0x38, 0x00, 0x00, 0x00, 0x10, 0xff, 0xff, 0xff,
  0x2a, 0x00, 0x00, 0x00, 0x73, 0x65, 0x71, 0x75, 0x65, 0x6e, 0x74, 0x69,
  0x61, 0x6c, 0x2f, 0x63, 0x6f, 0x6e, 0x76, 0x32, 0x64, 0x5f, 0x31, 0x2f,
  0x42, 0x69, 0x61, 0x73, 0x41, 0x64, 0x64, 0x2f, 0x52, 0x65, 0x61, 0x64,
  0x56, 0x61, 0x72, 0x69, 0x61, 0x62, 0x6c, 0x65, 0x4f, 0x70, 0x00, 0x00,
  0x01, 0x00, 0x00, 0x00, 0x10, 0x00, 0x00, 0x00, 0x00, 0x00, 0x16, 0x00,
  0x18, 0x00, 0x14, 0x00, 0x00, 0x00, 0x10, 0x00, 0x0c, 0x00, 0x08, 0x00,
  0x00, 0x00, 0x00, 0x00, 0x00, 0x00, 0x07, 0x00, 0x16, 0x00, 0x00, 0x00,
  0x00, 0x00, 0x00, 0x01, 0x10, 0x00, 0x00, 0x00, 0x10, 0x00, 0x00, 0x00,
  0x02, 0x00, 0x00, 0x00, 0x38, 0x00, 0x00, 0x00, 0x7c, 0xff, 0xff, 0xff,
  0x28, 0x00, 0x00, 0x00, 0x73, 0x65, 0x71, 0x75, 0x65, 0x6e, 0x74, 0x69,
  0x61, 0x6c, 0x2f, 0x63, 0x6f, 0x6e, 0x76, 0x32, 0x64, 0x2f, 0x42, 0x69,
  0x61, 0x73, 0x41, 0x64, 0x64, 0x2f, 0x52, 0x65, 0x61, 0x64, 0x56, 0x61,
  0x72, 0x69, 0x61, 0x62, 0x6c, 0x65, 0x4f, 0x70, 0x00, 0x00, 0x00, 0x00,
  0x01, 0x00, 0x00, 0x00, 0x08, 0x00, 0x00, 0x00, 0x00, 0x00, 0x16, 0x00,
  0x1c, 0x00, 0x18, 0x00, 0x00, 0x00, 0x14, 0x00, 0x10, 0x00, 0x0c, 0x00,
  0x00, 0x00, 0x00, 0x00, 0x08, 0x00, 0x07, 0x00, 0x16, 0x00, 0x00, 0x00,
  0x00, 0x00, 0x00, 0x01, 0x14, 0x00, 0x00, 0x00, 0x28, 0x00, 0x00, 0x00,
  0x28, 0x00, 0x00, 0x00, 0x01, 0x00, 0x00, 0x00, 0x44, 0x00, 0x00, 0x00,
  0x04, 0x00, 0x00, 0x00, 0xff, 0xff, 0xff, 0xff, 0x80, 0x00, 0x00, 0x00,
  0x03, 0x00, 0x00, 0x00, 0x01, 0x00, 0x00, 0x00, 0x04, 0x00, 0x04, 0x00,
  0x04, 0x00, 0x00, 0x00, 0x1e, 0x00, 0x00, 0x00, 0x73, 0x65, 0x72, 0x76,
  0x69, 0x6e, 0x67, 0x5f, 0x64, 0x65, 0x66, 0x61, 0x75, 0x6c, 0x74, 0x5f,
  0x63, 0x6f, 0x6e, 0x76, 0x32, 0x64, 0x5f, 0x69, 0x6e, 0x70, 0x75, 0x74,
  0x3a, 0x30, 0x00, 0x00, 0x04, 0x00, 0x00, 0x00, 0x01, 0x00, 0x00, 0x00,
  0x80, 0x00, 0x00, 0x00, 0x03, 0x00, 0x00, 0x00, 0x01, 0x00, 0x00, 0x00,
  0x05, 0x00, 0x00, 0x00, 0x50, 0x00, 0x00, 0x00, 0x34, 0x00, 0x00, 0x00,
  0x24, 0x00, 0x00, 0x00, 0x14, 0x00, 0x00, 0x00, 0x04, 0x00, 0x00, 0x00,
  0xd0, 0xff, 0xff, 0xff, 0x19, 0x00, 0x00, 0x00, 0x00, 0x00, 0x00, 0x19,
  0xdc, 0xff, 0xff, 0xff, 0x09, 0x00, 0x00, 0x00, 0x00, 0x00, 0x00, 0x09,
  0xe8, 0xff, 0xff, 0xff, 0x16, 0x00, 0x00, 0x00, 0x00, 0x00, 0x00, 0x16,
  0xf4, 0xff, 0xff, 0xff, 0x11, 0x00, 0x00, 0x00, 0x00, 0x00, 0x00, 0x11,
  0x0c, 0x00, 0x0c, 0x00, 0x0b, 0x00, 0x00, 0x00, 0x00, 0x00, 0x04, 0x00,
  0x0c, 0x00, 0x00, 0x00, 0x03, 0x00, 0x00, 0x00, 0x00, 0x00, 0x00, 0x03
};
const int g_magic_wand_model_data_len = sizeof(g_magic_wand_model_data);
